Uniq_ID,FRP,tube_number,trtmnt_tank,sample_day,infection_status,maturity,RNA_ng.ul,total.yield_ng,elution_vol_ul,org_sample_ul,target,sq_all.runs_mean,sample_pos.neg,Library_ID
6101_206_12,6101,206,cold,2,0,I,19.9,258.7,15,70,Hemato,42.225,pos,329775
6101_415_26,6101,415,cold,17,0,I,12.3,159.9,15,70,Hemato,42.225,pos,329777
6101_84_9,6101,84,NA,0,0,I,34.7,451.1,15,70,Hemato,42.225,pos,NA
6102_18_9,6102,18,NA,0,0,I,4.46,57.98,15,70,Hemato,32.544,neg,NA
6102_18_9,6102,18,NA,0,0,I,4.46,57.98,15,70,Hemato,32.544,pos,NA
6102_439_26,6102,439,cold,17,0,I,21.6,280.8,15,70,Hemato,32.544,neg,304428
6102_439_26,6102,439,cold,17,0,I,21.6,280.8,15,70,Hemato,32.544,neg,329777
6102_439_26,6102,439,cold,17,0,I,21.6,280.8,15,70,Hemato,32.544,pos,304428
6102_439_26,6102,439,cold,17,0,I,21.6,280.8,15,70,Hemato,32.544,pos,329777
6102_439_26,6102,439,cold,17,0,I,6.94,90.22,14,all,Hemato,32.544,neg,304428
6102_439_26,6102,439,cold,17,0,I,6.94,90.22,14,all,Hemato,32.544,neg,329777
6102_439_26,6102,439,cold,17,0,I,6.94,90.22,14,all,Hemato,32.544,pos,304428
6102_439_26,6102,439,cold,17,0,I,6.94,90.22,14,all,Hemato,32.544,pos,329777
6103_215_12,6103,215,cold,2,1,I,6.68,300.6,50,all,Hemato,183.25,pos,NA
6103_409_26,6103,409,cold,17,1,I,8.04,361.8,50,all,Hemato,183.25,pos,329776
6103_409_26,6103,409,cold,17,1,I,12.2,158.6,15,70,Hemato,183.25,pos,329776
6103_46_9,6103,46,NA,0,1,I,5.04,226.8,50,all,Hemato,183.25,pos,NA
6104_259_12,6104,259,cold,2,0,I,31.7,412.1,15,35,Hemato,18.55125,neg,380822
6104_259_12,6104,259,cold,2,0,I,31.7,412.1,15,35,Hemato,18.55125,pos,380822
6104_41_9,6104,41,NA,0,0,I,3.95,51.35,15,35,Hemato,18.55125,neg,NA
6104_41_9,6104,41,NA,0,0,I,3.95,51.35,15,35,Hemato,18.55125,pos,NA
6104_458_26,6104,458,cold,17,0,I,0.92,4.6,10,all,Hemato,18.55125,neg,NA
6104_458_26,6104,458,cold,17,0,I,0.92,4.6,10,all,Hemato,18.55125,pos,NA
6106_241_12,6106,241,cold,2,0,M,13,169,15,35,Hemato,78.76,pos,380822
6106_450_26,6106,450,cold,17,0,M,25.4,381,15,all,Hemato,78.76,pos,NA
6106_5_9,6106,5,NA,0,0,M,13.4,174.2,15,35,Hemato,78.76,pos,380820
6107_115_9,6107,115,NA,0,0,M,26.6,345.8,15,70,Hemato,61.1795,neg,NA
6107_115_9,6107,115,NA,0,0,M,26.6,345.8,15,70,Hemato,61.1795,pos,NA
6107_350_12,6107,350,ambient,2,0,M,20.4,265.2,15,70,Hemato,61.1795,neg,329775
6107_350_12,6107,350,ambient,2,0,M,20.4,265.2,15,70,Hemato,61.1795,pos,329775
6107_471_26,6107,471,ambient,17,0,M,19.9,258.7,15,70,Hemato,61.1795,neg,329777
6107_471_26,6107,471,ambient,17,0,M,19.9,258.7,15,70,Hemato,61.1795,pos,329777
6107_471_26,6107,471,ambient,17,0,M,1.53,7.65,10,all,Hemato,61.1795,neg,329777
6107_471_26,6107,471,ambient,17,0,M,1.53,7.65,10,all,Hemato,61.1795,pos,329777
6108_255_12,6108,255,cold,2,1,I,16.6,215.8,15,70,Hemato,71.135,pos,329771
6108_455_26,6108,455,cold,17,1,I,10.2,132.6,15,70,Hemato,71.135,pos,329776
6108_455_26,6108,455,cold,17,1,I,4.88,24.4,10,all,Hemato,71.135,pos,329776
6109_351_12,6109,351,ambient,2,0,I,13.6,176.8,15,70,Hemato,266.036666666667,neg,329775
6109_351_12,6109,351,ambient,2,0,I,13.6,176.8,15,70,,266.036666666667,pos,329775
6109_351_12,6109,351,ambient,2,0,I,13.6,176.8,15,70,Hemato,266.036666666667,pos,329775
6109_480_26,6109,480,ambient,17,0,I,19.8,257.4,15,70,Hemato,266.036666666667,neg,304428
6109_480_26,6109,480,ambient,17,0,I,19.8,257.4,15,70,Hemato,266.036666666667,neg,329777
6109_480_26,6109,480,ambient,17,0,I,19.8,257.4,15,70,,266.036666666667,pos,304428
6109_480_26,6109,480,ambient,17,0,I,19.8,257.4,15,70,,266.036666666667,pos,329777
6109_480_26,6109,480,ambient,17,0,I,19.8,257.4,15,70,Hemato,266.036666666667,pos,304428
6109_480_26,6109,480,ambient,17,0,I,19.8,257.4,15,70,Hemato,266.036666666667,pos,329777
6109_480_26,6109,480,ambient,17,0,I,6.86,89.18,14,all,Hemato,266.036666666667,neg,304428
6109_480_26,6109,480,ambient,17,0,I,6.86,89.18,14,all,Hemato,266.036666666667,neg,329777
6109_480_26,6109,480,ambient,17,0,I,6.86,89.18,14,all,,266.036666666667,pos,304428
6109_480_26,6109,480,ambient,17,0,I,6.86,89.18,14,all,,266.036666666667,pos,329777
6109_480_26,6109,480,ambient,17,0,I,6.86,89.18,14,all,Hemato,266.036666666667,pos,304428
6109_480_26,6109,480,ambient,17,0,I,6.86,89.18,14,all,Hemato,266.036666666667,pos,329777
6110_135_9,6110,135,NA,0,0,I,4.6,59.8,14,15,Hemato,88.695,neg,NA
6110_135_9,6110,135,NA,0,0,I,4.6,59.8,14,15,Hemato,88.695,pos,NA
6110_135_9,6110,135,NA,0,0,I,4.6,59.8,14,15,Hemato,88.695,neg,NA
6110_135_9,6110,135,NA,0,0,I,4.6,59.8,14,15,Hemato,88.695,pos,NA
6110_331_12,6110,331,ambient,2,0,I,21.9,284.7,15,70,Hemato,88.695,neg,329775
6110_331_12,6110,331,ambient,2,0,I,21.9,284.7,15,70,Hemato,88.695,pos,329775
6110_488_26,6110,488,ambient,17,0,I,23.4,304.2,15,70,Hemato,88.695,neg,304428
6110_488_26,6110,488,ambient,17,0,I,23.4,304.2,15,70,Hemato,88.695,neg,329777
6110_488_26,6110,488,ambient,17,0,I,23.4,304.2,15,70,Hemato,88.695,pos,304428
6110_488_26,6110,488,ambient,17,0,I,23.4,304.2,15,70,Hemato,88.695,pos,329777
6110_488_26,6110,488,ambient,17,0,I,9.74,126.62,14,all,Hemato,88.695,neg,304428
6110_488_26,6110,488,ambient,17,0,I,9.74,126.62,14,all,Hemato,88.695,neg,329777
6110_488_26,6110,488,ambient,17,0,I,9.74,126.62,14,all,Hemato,88.695,pos,304428
6110_488_26,6110,488,ambient,17,0,I,9.74,126.62,14,all,Hemato,88.695,pos,329777
6111_356_12,6111,356,ambient,2,1,I,21.3,276.9,15,70,Hemato,680.3,pos,329771
6111_356_12,6111,356,ambient,2,1,I,21.3,276.9,15,70,,680.3,pos,329771
6112_28_9,6112,28,NA,0,0,I,22.1,287.3,15,35,Hemato,NA,neg 4 rep ,380820
6112_28_9,6112,28,NA,0,0,I,22.1,287.3,15,35,,NA,pos,380820
6112_28_9,6112,28,NA,0,0,I,22.1,287.3,15,35,Hemato,NA,pos,380820
6112_28_9,6112,28,NA,0,0,I,20.4,265.2,15,70,Hemato,NA,neg 4 rep ,380820
6112_28_9,6112,28,NA,0,0,I,20.4,265.2,15,70,,NA,pos,380820
6112_28_9,6112,28,NA,0,0,I,20.4,265.2,15,70,Hemato,NA,pos,380820
6112_499_26,6112,499,ambient,17,0,I,19.5,253.5,15,70,Hemato,NA,neg 4 rep ,329777
6112_499_26,6112,499,ambient,17,0,I,19.5,253.5,15,70,,NA,pos,329777
6112_499_26,6112,499,ambient,17,0,I,19.5,253.5,15,70,Hemato,NA,pos,329777
6113_214_12,6113,214,cold,2,0,I,3.55,159.75,50,all,Hemato,24.25,pos,NA
6113_419_26,6113,419,cold,17,0,I,5.64,253.8,50,all,Hemato,24.25,pos,NA
6113_78_9,6113,78,NA,0,0,I,2.19,98.55,50,all,Hemato,24.25,pos,NA
6114_484_26,6114,484,ambient,17,1,I,23.8,309.4,15,70,Hemato,268.25,pos,304428
6114_484_26,6114,484,ambient,17,1,I,23.8,309.4,15,70,Hemato,268.25,pos,329776
6114_484_26,6114,484,ambient,17,1,I,9.12,118.56,14,all,Hemato,268.25,pos,304428
6114_484_26,6114,484,ambient,17,1,I,9.12,118.56,14,all,Hemato,268.25,pos,329776
6115_307_12,6115,307,ambient,2,1,I,7.89,118.35,15,NA,Hemato,1459.875,pos,NA
6115_33_9,6115,33,NA,0,1,I,21,273,15,70,Hemato,1459.875,pos,NA
6115_514_26,6115,514,ambient,17,1,I,5.96,59.6,15,35,Hemato,1459.875,pos,NA
6116_417_26,6116,417,cold,17,1,I,17.3,224.9,14,all,Hemato,435,pos,304428
6116_417_26,6116,417,cold,17,1,I,3.51,17.55,10,all,Hemato,435,pos,304428
6117_225_12,6117,225,cold,2,0,I,1.76,79.2,50,all,Hemato,49.6375,neg,NA
6117_225_12,6117,225,cold,2,0,I,1.76,79.2,50,all,Hemato,49.6375,pos,NA
6117_440_26,6117,440,cold,17,0,I,1.77,79.65,50,all,Hemato,49.6375,neg,NA
6117_440_26,6117,440,cold,17,0,I,1.77,79.65,50,all,Hemato,49.6375,pos,NA
6118_240_12,6118,240,cold,2,1,I,21.6,280.8,15,35,Hemato,306.5,pos,380823
6118_430_26,6118,430,cold,17,1,I,1.88,9.4,10,all,Hemato,306.5,pos,NA
6119_153_9,6119,153,NA,0,0,I,2.02,90.9,50,all,Hemato,48.425,pos,NA
6119_258_12,6119,258,cold,2,0,I,3.86,173.7,50,all,Hemato,48.425,pos,NA
6119_461_26,6119,461,cold,17,0,I,11.2,168,15,all,Hemato,48.425,pos,NA
6120_165_9,6120,165,NA,0,1,I,7.15,107.25,15,35,Hemato,616.5,pos,NA
6120_248_12,6120,248,cold,2,1,I,13.4,174.2,15,35,Hemato,616.5,pos,NA
6120_459_26,6120,459,cold,17,1,I,40.2,522.6,14,all,Hemato,616.5,pos,NA
6120_459_26,6120,459,cold,17,1,I,6.48,32.4,10,all,Hemato,616.5,pos,NA
6121_472_26,6121,472,ambient,17,1,I,8.57,128.55,15,NA,Hemato,440,pos,NA
6121_472_26,6121,472,ambient,17,1,I,8.57,128.55,15,NA,,440,pos,NA
6122_133_9,6122,133,NA,0,1,I,23.5,305.5,15,35,Hemato,724.25,pos,380821
6122_325_12,6122,325,ambient,2,1,I,31.1,404.3,15,35,Hemato,724.25,pos,NA
6122_489_26,6122,489,ambient,17,1,I,8.32,83.2,15,35,Hemato,724.25,pos,NA
6123_345_12,6123,345,ambient,2,0,I,19.1,248.3,15,70,Hemato,102.27125,pos,329775
6123_345_12,6123,345,ambient,2,0,I,19.1,248.3,15,70,,102.27125,pos,329775
6123_473_26,6123,473,ambient,17,0,I,9.91,128.83,15,70,Hemato,102.27125,pos,304428
6123_473_26,6123,473,ambient,17,0,I,9.91,128.83,15,70,Hemato,102.27125,pos,329777
6123_473_26,6123,473,ambient,17,0,I,9.91,128.83,15,70,,102.27125,pos,304428
6123_473_26,6123,473,ambient,17,0,I,9.91,128.83,15,70,,102.27125,pos,329777
6123_473_26,6123,473,ambient,17,0,I,4.8,62.4,14,all,Hemato,102.27125,pos,304428
6123_473_26,6123,473,ambient,17,0,I,4.8,62.4,14,all,Hemato,102.27125,pos,329777
6123_473_26,6123,473,ambient,17,0,I,4.8,62.4,14,all,,102.27125,pos,304428
6123_473_26,6123,473,ambient,17,0,I,4.8,62.4,14,all,,102.27125,pos,329777
6124_347_12,6124,347,ambient,2,0,M,18.8,244.4,15,70,Hemato,704,pos,329775
6124_464_26,6124,464,ambient,17,0,M,19.1,286.5,15,NA,Hemato,704,pos,NA
6124_75_9,6124,75,NA,0,0,M,32.9,427.7,15,70,Hemato,704,pos,NA
6125_144_9,6125,144,NA,0,1,I,14.3,185.9,15,35,Hemato,179.5,pos,NA
6125_144_9,6125,144,NA,0,1,I,14.3,185.9,15,35,,179.5,pos,NA
6125_303_12,6125,303,ambient,2,1,I,27.4,356.2,15,35,Hemato,179.5,pos,NA
6125_303_12,6125,303,ambient,2,1,I,27.4,356.2,15,35,,179.5,pos,NA
6125_503_26,6125,503,ambient,17,1,I,7.12,71.2,15,35,Hemato,179.5,pos,NA
6125_503_26,6125,503,ambient,17,1,I,7.12,71.2,15,35,,179.5,pos,NA
6126_201_12,6126,201,cold,2,1,I,6.27,81.51,15,35,Hemato,604.5,pos,NA
6126_418_26,6126,418,cold,17,1,I,2.84,14.2,10,all,Hemato,604.5,pos,NA
6126_79_9,6126,79,NA,0,1,I,17.8,267,15,35,Hemato,604.5,pos,NA
6127_335_12,6127,335,ambient,2,0,I,3.46,155.7,50,all,Hemato,168.25,pos,NA
6127_37_9,6127,37,NA,0,0,I,3.38,152.1,50,all,Hemato,168.25,pos,NA
6127_497_26,6127,497,ambient,17,0,I,4.36,196.2,50,all,Hemato,168.25,pos,NA
6128_112_9,6128,112,NA,0,1,I,17.1,256.5,15,NA,Hemato,7773.75,pos,NA
6128_231_12,6128,231,cold,2,1,I,37.9,492.7,15,35,Hemato,7773.75,pos,380823
6128_441_26,6128,441,cold,17,1,I,3.15,15.75,10,all,Hemato,7773.75,pos,NA
6129_403_26,6129,403,warm,17,1,I,2.64,118.8,50,all,Hemato,5567.5,pos,329776
6129_86_9,6129,86,NA,0,1,I,3.09,139.05,50,all,Hemato,5567.5,pos,NA
6130_339_12,6130,339,ambient,2,0,I,0.88,39.6,50,all,Hemato,NA,NEG,NA
6130_339_12,6130,339,ambient,2,0,I,0.88,39.6,50,all,,NA,pos,NA
6130_339_12,6130,339,ambient,2,0,I,0.88,39.6,50,all,Hemato,NA,pos,NA
6130_47_9,6130,47,NA,0,0,I,7.32,329.4,50,all,Hemato,NA,NEG,NA
6130_47_9,6130,47,NA,0,0,I,7.32,329.4,50,all,,NA,pos,NA
6130_47_9,6130,47,NA,0,0,I,7.32,329.4,50,all,Hemato,NA,pos,NA
6130_498_26,6130,498,ambient,17,0,I,1.8,81,50,all,Hemato,NA,NEG,NA
6130_498_26,6130,498,ambient,17,0,I,1.8,81,50,all,,NA,pos,NA
6130_498_26,6130,498,ambient,17,0,I,1.8,81,50,all,Hemato,NA,pos,NA
6131_314_12,6131,314,ambient,2,0,I,1.42,63.9,50,all,Hemato,124.3125,neg,NA
6131_314_12,6131,314,ambient,2,0,I,1.42,63.9,50,all,Hemato,124.3125,pos,NA
6131_507_26,6131,507,ambient,17,0,I,8.9,89,15,50,Hemato,124.3125,neg,NA
6131_507_26,6131,507,ambient,17,0,I,8.9,89,15,50,Hemato,124.3125,pos,NA
6131_507_26,6131,507,ambient,17,0,I,0.88,39.6,50,all,Hemato,124.3125,neg,NA
6131_507_26,6131,507,ambient,17,0,I,0.88,39.6,50,all,Hemato,124.3125,pos,NA
6132_205_12,6132,205,cold,2,0,I,1.64,73.8,50,all,Hemato,58.98,neg,NA
6132_205_12,6132,205,cold,2,0,I,1.64,73.8,50,all,Hemato,58.98,pos,NA
6132_406_26,6132,406,cold,17,0,I,12.3,184.5,15,NA,Hemato,58.98,neg,NA
6132_406_26,6132,406,cold,17,0,I,12.3,184.5,15,NA,Hemato,58.98,pos,NA
6132_88_9,6132,88,NA,0,0,I,2.81,126.45,50,all,Hemato,58.98,neg,NA
6132_88_9,6132,88,NA,0,0,I,2.81,126.45,50,all,Hemato,58.98,pos,NA
6133_223_12,6133,223,cold,2,0,I,8.24,370.8,50,all,Hemato,105.66625,neg,NA
6133_223_12,6133,223,cold,2,0,I,8.24,370.8,50,all,Hemato,105.66625,pos,NA
6133_36_9,6133,36,NA,0,0,I,4.16,187.2,50,all,Hemato,105.66625,neg,NA
6133_36_9,6133,36,NA,0,0,I,4.16,187.2,50,all,Hemato,105.66625,pos,NA
6133_434_26,6133,434,cold,17,0,I,3.9,175.5,50,all,Hemato,105.66625,neg,NA
6133_434_26,6133,434,cold,17,0,I,3.9,175.5,50,all,Hemato,105.66625,pos,NA
6134_353_12,6134,353,ambient,2,1,I,2.68,120.6,50,all,Hemato,145.75,pos,NA
6134_465_26,6134,465,ambient,17,1,I,9.1,136.5,15,NA,Hemato,145.75,pos,NA
6134_77_9,6134,77,NA,0,1,I,1.71,76.95,50,all,Hemato,145.75,pos,NA
6135_327_12,6135,327,ambient,2,1,M,2.01,90.45,50,all,Hemato,114.99475,neg,NA
6135_327_12,6135,327,ambient,2,1,M,2.01,90.45,50,all,Hemato,114.99475,pos,NA
6135_4_9,6135,4,NA,0,1,M,3.52,158.4,50,all,Hemato,114.99475,neg,NA
6135_4_9,6135,4,NA,0,1,M,3.52,158.4,50,all,Hemato,114.99475,pos,NA
6135_492_26,6135,492,ambient,17,1,M,1.08,48.6,50,all,Hemato,114.99475,neg,NA
6135_492_26,6135,492,ambient,17,1,M,1.08,48.6,50,all,Hemato,114.99475,pos,NA
6136_321_12,6136,321,ambient,2,0,M,11.7,152.1,15,35,Hemato,110.33,neg,NA
6136_321_12,6136,321,ambient,2,0,M,11.7,152.1,15,35,Hemato,110.33,pos,NA
6136_491_26,6136,491,ambient,17,0,M,7.37,73.7,15,35,Hemato,110.33,neg,NA
6136_491_26,6136,491,ambient,17,0,M,7.37,73.7,15,35,Hemato,110.33,pos,NA
6136_91_9,6136,91,NA,0,0,M,15.7,204.1,15,35,Hemato,110.33,neg,380820
6136_91_9,6136,91,NA,0,0,M,15.7,204.1,15,35,Hemato,110.33,pos,380820
6136_91_9,6136,91,NA,0,0,M,14.8,192.4,15,35,Hemato,110.33,neg,380820
6136_91_9,6136,91,NA,0,0,M,14.8,192.4,15,35,Hemato,110.33,pos,380820
6137_301_12,6137,301,ambient,2,1,I,28.9,375.7,15,35,Hemato,530.833333333333,pos,NA
6137_301_12,6137,301,ambient,2,1,I,28.9,375.7,15,35,,530.833333333333,pos,NA
6137_500_26,6137,500,ambient,17,1,I,13.8,138,15,35,Hemato,530.833333333333,pos,NA
6137_500_26,6137,500,ambient,17,1,I,13.8,138,15,35,,530.833333333333,pos,NA
6137_81_9,6137,81,NA,0,1,I,51,663,15,35,Hemato,530.833333333333,pos,NA
6137_81_9,6137,81,NA,0,1,I,51,663,15,35,,530.833333333333,pos,NA
6137_81_9,6137,81,NA,0,1,I,31,403,15,35,Hemato,530.833333333333,pos,NA
6137_81_9,6137,81,NA,0,1,I,31,403,15,35,,530.833333333333,pos,NA
6138_247_12,6138,247,cold,2,0,I,6.44,289.8,50,all,Hemato,42.05,pos,NA
6138_453_26,6138,453,cold,17,0,I,6.16,277.2,50,all,Hemato,42.05,pos,NA
6138_80_9,6138,80,NA,0,0,I,2.66,119.7,50,all,Hemato,42.05,pos,NA
6139_104_9,6139,104,NA,0,3,M,29.1,378.3,15,70,Hemato,NA,pos 4 rep ,NA
6139_104_9,6139,104,NA,0,3,M,29.1,378.3,15,70,Hemato,NA,pos,NA
6139_332_12,6139,332,ambient,2,3,M,16,208,15,70,Hemato,NA,pos 4 rep ,329771
6139_332_12,6139,332,ambient,2,3,M,16,208,15,70,Hemato,NA,pos,329771
6139_493_26,6139,493,ambient,17,3,M,4.02,52.26,15,70,Hemato,NA,pos 4 rep ,329776
6139_493_26,6139,493,ambient,17,3,M,4.02,52.26,15,70,Hemato,NA,pos,329776
6140_237_12,6140,237,cold,2,1,I,5.06,65.78,15,35,Hemato,59.1225,pos,NA
6140_429_26,6140,429,cold,17,1,I,12,180,15,NA,Hemato,59.1225,pos,NA
6140_8_9,6140,8,NA,0,1,I,16,208,15,35,Hemato,59.1225,pos,NA
6141_123_9,6141,123,NA,0,1,I,13.1,196.5,15,NA,Hemato,6788.75,pos,NA
6141_249_12,6141,249,cold,2,1,I,18.6,241.8,15,35,Hemato,6788.75,pos,380823
6141_451_26,6141,451,cold,17,1,I,65.6,852.8,14,all,Hemato,6788.75,pos,NA
6141_451_26,6141,451,cold,17,1,I,4.56,114,30,all,Hemato,6788.75,pos,NA
6142_346_12,6142,346,ambient,2,0,I,1.8,81,50,all,Hemato,2607.5,pos,NA
6142_474_26,6142,474,ambient,17,0,I,14.4,144,15,35,Hemato,2607.5,pos,NA
6143_10_9,6143,10,NA,0,0,M,29.3,380.9,15,35,Hemato,158.127333333333,neg,380820
6143_10_9,6143,10,NA,0,0,M,29.3,380.9,15,35,,158.127333333333,pos,380820
6143_10_9,6143,10,NA,0,0,M,29.3,380.9,15,35,Hemato,158.127333333333,pos,380820
6143_10_9,6143,10,NA,0,0,M,22.9,297.7,15,35,Hemato,158.127333333333,neg,380820
6143_10_9,6143,10,NA,0,0,M,22.9,297.7,15,35,,158.127333333333,pos,380820
6143_10_9,6143,10,NA,0,0,M,22.9,297.7,15,35,Hemato,158.127333333333,pos,380820
6143_343_12,6143,343,ambient,2,0,M,7.73,100.49,15,35,Hemato,158.127333333333,neg,NA
6143_343_12,6143,343,ambient,2,0,M,7.73,100.49,15,35,,158.127333333333,pos,NA
6143_343_12,6143,343,ambient,2,0,M,7.73,100.49,15,35,Hemato,158.127333333333,pos,NA
6143_479_26,6143,479,ambient,17,0,M,15.3,229.5,15,NA,Hemato,158.127333333333,neg,NA
6143_479_26,6143,479,ambient,17,0,M,15.3,229.5,15,NA,,158.127333333333,pos,NA
6143_479_26,6143,479,ambient,17,0,M,15.3,229.5,15,NA,Hemato,158.127333333333,pos,NA
6144_14_9,6144,14,NA,0,1,I,4.92,221.4,50,all,Hemato,1066.66666666667,pos,NA
6144_14_9,6144,14,NA,0,1,I,4.92,221.4,50,all,,1066.66666666667,pos,NA
6144_348_12,6144,348,ambient,2,1,I,5.76,259.2,50,all,Hemato,1066.66666666667,pos,NA
6144_348_12,6144,348,ambient,2,1,I,5.76,259.2,50,all,,1066.66666666667,pos,NA
6144_477_26,6144,477,ambient,17,1,I,20.3,203,15,35,Hemato,1066.66666666667,pos,NA
6144_477_26,6144,477,ambient,17,1,I,20.3,203,15,35,,1066.66666666667,pos,NA
6144_477_26,6144,477,ambient,17,1,I,1.84,82.8,50,all,Hemato,1066.66666666667,pos,NA
6144_477_26,6144,477,ambient,17,1,I,1.84,82.8,50,all,,1066.66666666667,pos,NA
6145_305_12,6145,305,ambient,2,1,I,2.44,109.8,50,all,Hemato,141.075,pos,NA
6145_505_26,6145,505,ambient,17,1,I,4.7,47,15,35,Hemato,141.075,pos,NA
6145_59_9,6145,59,NA,0,1,I,2.34,105.3,50,all,Hemato,141.075,pos,NA
6146_309_12,6146,309,ambient,2,0,I,4,180,50,all,Hemato,483.833333333333,neg,NA
6146_309_12,6146,309,ambient,2,0,I,4,180,50,all,,483.833333333333,pos,NA
6146_309_12,6146,309,ambient,2,0,I,4,180,50,all,Hemato,483.833333333333,pos,NA
6146_502_26,6146,502,ambient,17,0,I,2.18,98.1,50,all,Hemato,483.833333333333,neg,NA
6146_502_26,6146,502,ambient,17,0,I,2.18,98.1,50,all,,483.833333333333,pos,NA
6146_502_26,6146,502,ambient,17,0,I,2.18,98.1,50,all,Hemato,483.833333333333,pos,NA
6147_204_12,6147,204,cold,2,0,I,3.6,162,50,all,Hemato,214,pos,NA
6147_421_26,6147,421,cold,17,0,I,3.64,163.8,50,all,Hemato,214,pos,NA
6148_213_12,6148,213,cold,2,1,I,34,442,15,35,Hemato,511.25,pos,380823
6148_405_26,6148,405,cold,17,1,I,3.12,15.6,10,all,Hemato,511.25,pos,NA
6148_56_9,6148,56,NA,0,1,I,0.896,35.84,50,all,Hemato,511.25,pos,NA
6149_226_12,6149,226,cold,2,1,I,26.2,340.6,15,35,Hemato,66052.5,pos,380823
6149_437_26,6149,437,cold,17,1,I,3.82,19.1,10,all,Hemato,66052.5,pos,NA
6149_64_9,6149,64,NA,0,1,I,7.33,109.95,15,35,Hemato,66052.5,pos,NA
6150_119_9,6150,119,NA,0,0,M,32.3,419.9,15,35,Hemato,4788.14366666667,neg,380820
6150_119_9,6150,119,NA,0,0,M,32.3,419.9,15,35,Hemato,4788.14366666667,pos,380820
6150_119_9,6150,119,NA,0,0,M,24.9,323.7,15,35,Hemato,4788.14366666667,neg,380820
6150_119_9,6150,119,NA,0,0,M,24.9,323.7,15,35,Hemato,4788.14366666667,pos,380820
6150_312_12,6150,312,ambient,2,0,M,14.2,184.6,15,35,Hemato,4788.14366666667,neg,NA
6150_312_12,6150,312,ambient,2,0,M,14.2,184.6,15,35,Hemato,4788.14366666667,pos,NA
6150_511_26,6150,511,ambient,17,0,M,4.12,41.2,15,35,Hemato,4788.14366666667,neg,NA
6150_511_26,6150,511,ambient,17,0,M,4.12,41.2,15,35,Hemato,4788.14366666667,pos,NA
6151_19_9,6151,19,NA,0,1,I,5.45,70.85,15,35,Hemato,320.95,pos,NA
6151_243_12,6151,243,cold,2,1,I,2.3,29.9,15,35,Hemato,320.95,pos,NA
6151_454_26,6151,454,cold,17,1,I,11.4,171,15,NA,Hemato,320.95,pos,NA
6152_344_12,6152,344,ambient,2,0,M,6.65,99.75,15,NA,Hemato,285.93875,neg,NA
6152_344_12,6152,344,ambient,2,0,M,6.65,99.75,15,NA,Hemato,285.93875,pos,NA
6152_467_26,6152,467,ambient,17,0,M,5.45,81.75,15,NA,Hemato,285.93875,neg,NA
6152_467_26,6152,467,ambient,17,0,M,5.45,81.75,15,NA,Hemato,285.93875,pos,NA
6153_11_9,6153,11,NA,0,0,M,11.7,152.1,15,35,Hemato,79.3,pos,NA
6153_209_12,6153,209,cold,2,0,M,24.3,315.9,15,35,Hemato,79.3,pos,380822
6153_404_26,6153,404,cold,17,0,M,12.2,183,15,all,Hemato,79.3,pos,NA
6154_232_12,6154,232,cold,2,0,I,2.38,107.1,50,all,Hemato,48.085,neg,NA
6154_232_12,6154,232,cold,2,0,I,2.38,107.1,50,all,Hemato,48.085,pos,NA
6154_436_26,6154,436,cold,17,0,I,5.04,226.8,50,all,Hemato,48.085,neg,NA
6154_436_26,6154,436,cold,17,0,I,5.04,226.8,50,all,Hemato,48.085,pos,NA
6154_68_9,6154,68,NA,0,0,I,2.1,94.5,50,all,Hemato,48.085,neg,NA
6154_68_9,6154,68,NA,0,0,I,2.1,94.5,50,all,Hemato,48.085,pos,NA
6155_358_12,6155,358,ambient,2,1,I,3.71,166.95,50,all,Hemato,957.666666666667,pos,NA
6155_358_12,6155,358,ambient,2,1,I,3.71,166.95,50,all,,957.666666666667,pos,NA
6155_476_26,6155,476,ambient,17,1,I,15.3,229.5,15,NA,Hemato,957.666666666667,pos,NA
6155_476_26,6155,476,ambient,17,1,I,15.3,229.5,15,NA,,957.666666666667,pos,NA
6156_24_9,6156,24,NA,0,0,I,28.2,366.6,15,35,Hemato,249.63125,neg,380820
6156_24_9,6156,24,NA,0,0,I,28.2,366.6,15,35,Hemato,249.63125,pos,380820
6156_24_9,6156,24,NA,0,0,I,21.2,275.6,15,35,Hemato,249.63125,neg,380820
6156_24_9,6156,24,NA,0,0,I,21.2,275.6,15,35,Hemato,249.63125,pos,380820
6156_446_26,6156,446,cold,17,0,I,20.7,310.5,15,NA,Hemato,249.63125,neg,NA
6156_446_26,6156,446,cold,17,0,I,20.7,310.5,15,NA,Hemato,249.63125,pos,NA
6157_169_9,6157,169,NA,0,0,M,46.4,603.2,15,35,Hemato,93.054,neg,380820
6157_169_9,6157,169,NA,0,0,M,46.4,603.2,15,35,Hemato,93.054,pos,380820
6157_169_9,6157,169,NA,0,0,M,28.1,365.3,15,35,Hemato,93.054,neg,380820
6157_169_9,6157,169,NA,0,0,M,28.1,365.3,15,35,Hemato,93.054,pos,380820
6157_224_12,6157,224,cold,2,0,M,19.2,249.6,15,35,Hemato,93.054,neg,380822
6157_224_12,6157,224,cold,2,0,M,19.2,249.6,15,35,Hemato,93.054,pos,380822
6157_423_26,6157,423,cold,17,0,M,25,275,12,all,Hemato,93.054,neg,NA
6157_423_26,6157,423,cold,17,0,M,25,275,12,all,Hemato,93.054,pos,NA
6158_101_9,6158,101,NA,0,1,I,4.18,54.34,15,35,Hemato,587.75,pos,NA
6158_324_12,6158,324,ambient,2,1,I,16.5,247.5,15,NA,Hemato,587.75,pos,NA
6158_483_26,6158,483,ambient,17,1,I,13.3,199.5,15,NA,Hemato,587.75,pos,NA
6159_26_9,6159,26,NA,0,1,I,1.38,62.1,50,all,Hemato,402.25,pos,NA
6159_313_12,6159,313,ambient,2,1,I,2,90,50,all,Hemato,402.25,pos,NA
6159_508_26,6159,508,ambient,17,1,I,7.74,77.4,15,35,Hemato,402.25,pos,NA
6160_238_12,6160,238,cold,2,0,M,38,494,15,35,Hemato,28.975,neg,380822
6160_238_12,6160,238,cold,2,0,M,38,494,15,35,Hemato,28.975,pos,380822
6160_426_26,6160,426,cold,17,0,M,5.28,68.64,14,all,Hemato,28.975,neg,304428
6160_426_26,6160,426,cold,17,0,M,5.28,68.64,14,all,Hemato,28.975,pos,304428
6160_7_9,6160,7,NA,0,0,M,11.8,153.4,15,35,Hemato,28.975,neg,NA
6160_7_9,6160,7,NA,0,0,M,11.8,153.4,15,35,Hemato,28.975,pos,NA
6161_302_12,6161,302,ambient,2,0,M,8.04,120.6,15,NA,Hemato,99.3315,neg,NA
6161_302_12,6161,302,ambient,2,0,M,8.04,120.6,15,NA,Hemato,99.3315,pos,NA
6161_512_26,6161,512,ambient,17,0,M,10.9,109,15,35,Hemato,99.3315,neg,NA
6161_512_26,6161,512,ambient,17,0,M,10.9,109,15,35,Hemato,99.3315,pos,NA
6161_53_9,6161,53,NA,0,0,M,31.2,405.6,15,35,Hemato,99.3315,neg,380820
6161_53_9,6161,53,NA,0,0,M,31.2,405.6,15,35,Hemato,99.3315,pos,380820
6161_53_9,6161,53,NA,0,0,M,15.5,201.5,15,35,Hemato,99.3315,neg,380820
6161_53_9,6161,53,NA,0,0,M,15.5,201.5,15,35,Hemato,99.3315,pos,380820
6162_220_12,6162,220,cold,2,1,I,12.9,167.7,15,35,Hemato,878.75,pos,NA
6162_407_26,6162,407,cold,17,1,I,14.5,217.5,15,all,Hemato,878.75,pos,NA
6163_228_12,6163,228,cold,2,1,I,28,364,15,35,Hemato,141.225,pos,380823
6163_424_26,6163,424,cold,17,1,I,21.4,321,15,NA,Hemato,141.225,pos,NA
6164_257_12,6164,257,cold,2,1,I,27.2,353.6,15,35,Hemato,889.25,pos,380823
6164_460_26,6164,460,cold,17,1,I,1.55,7.75,10,all,Hemato,889.25,pos,NA
6164_71_9,6164,71,NA,0,1,I,18.2,236.6,15,35,Hemato,889.25,pos,NA
6165_360_12,6165,360,ambient,2,0,I,1.55,69.75,50,all,Hemato,50.4366666666667,pos,NA
6165_360_12,6165,360,ambient,2,0,I,1.55,69.75,50,all,,50.4366666666667,pos,NA
6165_469_26,6165,469,ambient,17,0,I,5.16,232.2,50,all,Hemato,50.4366666666667,pos,NA
6165_469_26,6165,469,ambient,17,0,I,5.16,232.2,50,all,,50.4366666666667,pos,NA
6165_469_26,6165,469,ambient,17,0,I,5.16,232.2,50,all,Hemato,50.4366666666667,pos,NA
6165_469_26,6165,469,ambient,17,0,I,5.16,232.2,50,all,,50.4366666666667,pos,NA
6165_55_9,6165,55,NA,0,0,I,1.16,52.2,50,all,Hemato,50.4366666666667,pos,NA
6165_55_9,6165,55,NA,0,0,I,1.16,52.2,50,all,,50.4366666666667,pos,NA
6166_21_9,6166,21,NA,0,0,I,1.72,77.4,50,all,Hemato,126.053,neg,NA
6166_21_9,6166,21,NA,0,0,I,1.72,77.4,50,all,Hemato,126.053,pos,NA
6166_349_12,6166,349,ambient,2,0,I,5.56,250.2,50,all,Hemato,126.053,neg,349
6166_349_12,6166,349,ambient,2,0,I,5.56,250.2,50,all,Hemato,126.053,pos,349
6166_496_26,6166,496,ambient,17,0,I,5.88,264.6,50,all,Hemato,126.053,neg,NA
6166_496_26,6166,496,ambient,17,0,I,5.88,264.6,50,all,Hemato,126.053,pos,NA
6167_207_12,6167,207,cold,2,0,I,1.88,84.6,50,all,Hemato,466.25,pos,NA
6167_414_26,6167,414,cold,17,0,I,7.52,338.4,50,all,Hemato,466.25,pos,NA
6167_414_26,6167,414,cold,17,0,I,28.6,314.6,12,all,Hemato,466.25,pos,NA
6167_45_9,6167,45,NA,0,0,I,5.4,243,50,all,Hemato,466.25,pos,NA
6168_357_12,6168,357,ambient,2,1,I,17.3,224.9,15,35,Hemato,108.75,pos,NA
6168_466_26,6168,466,ambient,17,1,I,18.4,276,15,NA,Hemato,108.75,pos,NA
6169_486_26,6169,486,ambient,17,1,I,5.87,88.05,15,NA,Hemato,334.125,pos,NA
6170_516_26,6170,516,ambient,17,1,I,14,182,14,50,Hemato,656.5,pos,NA
6170_516_26,6170,516,ambient,17,1,I,7,91,14,50,Hemato,656.5,pos,NA
6170_516_26,6170,516,ambient,17,1,I,4.6,59.8,14,10,Hemato,656.5,pos,NA
6171_221_12,6171,221,cold,2,0,I,3.22,144.9,50,all,Hemato,380502.92,pos,221
6171_427_26,6171,427,cold,17,0,I,3.71,166.95,50,all,Hemato,380502.92,pos,427
6171_73_9,6171,73,NA,0,0,I,5.28,237.6,50,all,Hemato,380502.92,pos,73
6172_316_12,6172,316,cold,2,0,M,28.7,373.1,15,35,Hemato,163.475,pos,380822
6173_210_12,6173,210,cold,2,1,I,33.3,432.9,15,35,Hemato,837.75,pos,380823
6173_420_26,6173,420,cold,17,1,I,29.8,387.4,14,all,Hemato,837.75,pos,304428
6173_63_9,6173,63,NA,0,1,I,10,130,15,35,Hemato,837.75,pos,NA
6174_20_9,6174,20,NA,0,1,I,27.7,360.1,15,35,Hemato,182.25,pos,380821
6174_233_12,6174,233,cold,2,1,I,35.2,457.6,15,35,Hemato,182.25,pos,380823
6174_433_26,6174,433,cold,17,1,I,17.6,264,15,all,Hemato,182.25,pos,NA
6175_246_12,6175,246,cold,2,0,I,20.7,269.1,15,35,Hemato,NA,pos 6 rep ,380822
6175_246_12,6175,246,cold,2,0,I,20.7,269.1,15,35,Hemato,NA,pos,380822
6175_447_26,6175,447,cold,17,0,I,7.2,93.6,14,all,Hemato,NA,pos 6 rep ,304428
6175_447_26,6175,447,cold,17,0,I,7.2,93.6,14,all,Hemato,NA,pos,304428
6175_67_9,6175,67,NA,0,0,I,13.9,180.7,15,35,Hemato,NA,pos 6 rep ,NA
6175_67_9,6175,67,NA,0,0,I,13.9,180.7,15,35,Hemato,NA,pos,NA
6176_329_12,6176,329,ambient,2,0,M,2.9,37.7,15,35,Hemato,55.1025,neg,NA
6176_329_12,6176,329,ambient,2,0,M,2.9,37.7,15,35,Hemato,55.1025,pos,NA
6176_48_9,6176,48,NA,0,0,M,3.1,40.3,15,35,Hemato,55.1025,neg,NA
6176_48_9,6176,48,NA,0,0,M,3.1,40.3,15,35,Hemato,55.1025,pos,NA
6176_490_26,6176,490,ambient,17,0,M,10.7,107,15,35,Hemato,55.1025,neg,NA
6176_490_26,6176,490,ambient,17,0,M,10.7,107,15,35,Hemato,55.1025,pos,NA
6177_250_12,6177,250,cold,2,1,I,31.6,410.8,15,35,Hemato,416.25,pos,380823
6177_456_26,6177,456,cold,17,1,I,19.9,298.5,15,all,Hemato,416.25,pos,NA
6177_54_9,6177,54,NA,0,1,I,25.2,327.6,15,35,Hemato,416.25,pos,380821
6178_124_9,6178,124,NA,0,0,M,22.8,296.4,15,35,Hemato,439.45,pos,380820
6178_124_9,6178,124,NA,0,0,M,16.6,215.8,15,35,Hemato,439.45,pos,380820
6178_218_12,6178,218,cold,2,0,M,12.5,162.5,15,35,Hemato,439.45,pos,380822
6179_315_12,6179,315,ambient,2,0,M,17.8,231.4,15,35,Hemato,23.67825,neg,NA
6179_315_12,6179,315,ambient,2,0,M,17.8,231.4,15,35,Hemato,23.67825,pos,NA
6179_34_9,6179,34,NA,0,0,M,7.84,101.92,15,35,Hemato,23.67825,neg,NA
6179_34_9,6179,34,NA,0,0,M,7.84,101.92,15,35,Hemato,23.67825,pos,NA
6179_515_26,6179,515,ambient,17,0,M,7.23,72.3,15,35,Hemato,23.67825,neg,NA
6179_515_26,6179,515,ambient,17,0,M,7.23,72.3,15,35,Hemato,23.67825,pos,NA
6180_149_9,6180,149,NA,0,0,I,2.51,112.95,50,all,Hemato,64.89725,neg,NA
6180_149_9,6180,149,NA,0,0,I,2.51,112.95,50,all,Hemato,64.89725,pos,NA
6180_370_12,6180,370,warm,2,0,I,1.8,81,50,all,Hemato,64.89725,neg,NA
6180_370_12,6180,370,warm,2,0,I,1.8,81,50,all,Hemato,64.89725,pos,NA
6180_402_26,6180,402,warm,17,0,I,10.3,133.9,15,70,Hemato,64.89725,neg,329777
6180_402_26,6180,402,warm,17,0,I,10.3,133.9,15,70,Hemato,64.89725,pos,329777
6180_402_26,6180,402,warm,17,0,I,1.46,65.7,50,all,Hemato,64.89725,neg,329777
6180_402_26,6180,402,warm,17,0,I,1.46,65.7,50,all,Hemato,64.89725,pos,329777
6180_402_26,6180,402,warm,17,0,I,4.36,21.8,10,all,Hemato,64.89725,neg,329777
6180_402_26,6180,402,warm,17,0,I,4.36,21.8,10,all,Hemato,64.89725,pos,329777
6181_175_9,6181,175,NA,0,0,I,1.64,73.8,50,all,Hemato,88.7748333333333,neg,NA
6181_175_9,6181,175,NA,0,0,I,1.64,73.8,50,all,,88.7748333333333,pos,NA
6181_175_9,6181,175,NA,0,0,I,1.64,73.8,50,all,Hemato,88.7748333333333,pos,NA
6181_355_12,6181,355,ambient,2,0,I,3.32,149.4,50,all,Hemato,88.7748333333333,neg,NA
6181_355_12,6181,355,ambient,2,0,I,3.32,149.4,50,all,,88.7748333333333,pos,NA
6181_355_12,6181,355,ambient,2,0,I,3.32,149.4,50,all,Hemato,88.7748333333333,pos,NA
6181_470_26,6181,470,ambient,17,0,I,5.28,237.6,50,all,Hemato,88.7748333333333,neg,NA
6181_470_26,6181,470,ambient,17,0,I,5.28,237.6,50,all,,88.7748333333333,pos,NA
6181_470_26,6181,470,ambient,17,0,I,5.28,237.6,50,all,Hemato,88.7748333333333,pos,NA
6182_462_26,6182,462,ambient,17,1,I,3.3,16.5,10,all,Hemato,7371.25,pos,NA
6183_322_12,6183,322,ambient,2,1,I,2.69,121.05,50,all,Hemato,1781.16666666667,pos,NA
6183_494_26,6183,494,ambient,17,1,I,2.66,119.7,50,all,Hemato,1781.16666666667,pos,NA
6184_148_9,6184,148,NA,0,1,I,5.08,228.6,50,all,Hemato,255.666666666667,pos,NA
6184_318_12,6184,318,ambient,2,1,I,2.84,127.8,50,all,Hemato,255.666666666667,pos,NA
6184_513_26,6184,513,ambient,17,1,I,1.44,64.8,50,all,Hemato,255.666666666667,pos,NA
6185_145_9,6185,145,NA,0,0,I,4.4,198,50,all,Hemato,166.4825,pos,NA
6185_336_12,6185,336,ambient,2,0,I,2.62,117.9,50,all,Hemato,166.4825,pos,NA
6185_487_26,6185,487,ambient,17,0,I,3.51,157.95,50,all,Hemato,166.4825,pos,NA
6186_171_9,6186,171,NA,0,0,I,3.41,153.45,50,all,Hemato,126.5735,neg,NA
6186_171_9,6186,171,NA,0,0,I,3.41,153.45,50,all,Hemato,126.5735,pos,NA
6186_306_12,6186,306,ambient,2,0,I,3.03,136.35,50,all,Hemato,126.5735,neg,NA
6186_306_12,6186,306,ambient,2,0,I,3.03,136.35,50,all,Hemato,126.5735,pos,NA
6186_510_26,6186,510,ambient,17,0,I,1.62,72.9,50,all,Hemato,126.5735,neg,NA
6186_510_26,6186,510,ambient,17,0,I,1.62,72.9,50,all,Hemato,126.5735,pos,NA
6187_158_9,6187,158,NA,0,1,I,18.6,241.8,15,35,Hemato,1447.25,pos,380821
6187_239_12,6187,239,cold,2,1,I,20.3,263.9,15,35,Hemato,1447.25,pos,NA
6187_431_26,6187,431,cold,17,1,I,37.2,483.6,14,all,Hemato,1447.25,pos,304428
6187_431_26,6187,431,cold,17,1,I,8.38,108.94,14,all,Hemato,1447.25,pos,304428
6188_172_9,6188,172,NA,0,1,I,84,1092,15,35,Hemato,641.75,pos,NA
6188_245_12,6188,245,cold,2,1,I,31.5,409.5,15,35,Hemato,641.75,pos,NA
6188_443_26,6188,443,cold,17,1,I,59.4,772.2,14,all,Hemato,641.75,pos,304428
6188_443_26,6188,443,cold,17,1,I,7.28,94.64,14,all,Hemato,641.75,pos,304428
6189_216_12,6189,216,cold,2,0,I,44.4,577.2,15,35,Hemato,87.0075,neg,380822
6189_216_12,6189,216,cold,2,0,I,44.4,577.2,15,35,Hemato,87.0075,pos,380822
6190_101_9,6190,101,NA,0,3,M,4.18,54.34,15,35,Hemato,63.3325,pos,NA
6190_256_12,6190,256,cold,2,3,M,13.1,196.5,15,35,Hemato,63.3325,pos,NA
6190_452_26,6190,452,cold,17,3,M,2.64,13.2,10,all,Hemato,63.3325,pos,NA
6191_227_12,6191,227,cold,2,0,I,18,234,15,35,Hemato,266.14825,neg,380822
6191_227_12,6191,227,cold,2,0,I,18,234,15,35,Hemato,266.14825,pos,380822
6191_442_26,6191,442,cold,17,0,I,4,52,14,all,Hemato,266.14825,neg,304428
6191_442_26,6191,442,cold,17,0,I,4,52,14,all,Hemato,266.14825,pos,304428
6191_95_9,6191,95,NA,0,0,I,11.5,149.5,15,35,Hemato,266.14825,neg,NA
6191_95_9,6191,95,NA,0,0,I,11.5,149.5,15,35,Hemato,266.14825,pos,NA
6192_178_9,6192,178,NA,0,1,I,26,1170,50,all,Hemato,1119,pos,178
6192_359_12,6192,359,ambient,2,1,I,5.68,255.6,50,all,Hemato,1119,pos,359
6192_463_26,6192,463,ambient,17,1,I,2.83,127.35,50,all,Hemato,1119,pos,463
6193_174_9,6193,174,NA,0,1,I,3.36,151.2,50,all,Hemato,363,pos,NA
6193_333_12,6193,333,ambient,2,1,I,6.08,273.6,50,all,Hemato,363,pos,NA
6193_482_26,6193,482,ambient,17,1,I,5.12,230.4,50,all,Hemato,363,pos,NA
6194_235_12,6194,235,cold,2,0,M,13.7,178.1,15,70,Hemato,59.725,pos,329775
6194_432_26,6194,432,cold,17,0,M,14.1,352.5,30,all,Hemato,59.725,pos,329777
6194_432_26,6194,432,cold,17,0,M,26.7,347.1,15,70,Hemato,59.725,pos,329777
6194_98_9,6194,98,NA,0,0,M,13.3,172.9,15,70,Hemato,59.725,pos,NA
6195_150_9,6195,150,NA,0,1,I,5.04,226.8,50,all,Hemato,248.166666666667,pos,NA
6195_150_9,6195,150,NA,0,1,I,5.04,226.8,50,all,,248.166666666667,pos,NA
6195_304_12,6195,304,ambient,2,1,I,2.69,121.05,50,all,Hemato,248.166666666667,pos,NA
6195_304_12,6195,304,ambient,2,1,I,2.69,121.05,50,all,,248.166666666667,pos,NA
6195_501_26,6195,501,ambient,17,1,I,3.41,153.45,50,all,Hemato,248.166666666667,pos,NA
6195_501_26,6195,501,ambient,17,1,I,3.41,153.45,50,all,,248.166666666667,pos,NA
6196_170_9,6196,170,NA,0,1,I,23.1,300.3,15,35,Hemato,455.75,pos,NA
6196_203_12,6196,203,cold,2,1,I,42,546,15,35,Hemato,455.75,pos,NA
6196_408_26,6196,408,cold,17,1,I,18,234,14,all,Hemato,455.75,pos,304428
6197_161_9,6197,161,NA,0,0,M,16.9,219.7,15,70,Hemato,924.974833333333,neg,NA
6197_161_9,6197,161,NA,0,0,M,16.9,219.7,15,70,Hemato,924.974833333333,pos,NA
6197_244_12,6197,244,cold,2,0,M,23.9,310.7,15,70,Hemato,924.974833333333,neg,329775
6197_244_12,6197,244,cold,2,0,M,23.9,310.7,15,70,Hemato,924.974833333333,pos,329775
6197_449_26,6197,449,cold,17,0,M,19.8,257.4,15,70,Hemato,924.974833333333,neg,304428
6197_449_26,6197,449,cold,17,0,M,19.8,257.4,15,70,Hemato,924.974833333333,neg,329777
6197_449_26,6197,449,cold,17,0,M,19.8,257.4,15,70,Hemato,924.974833333333,pos,304428
6197_449_26,6197,449,cold,17,0,M,19.8,257.4,15,70,Hemato,924.974833333333,pos,329777
6197_449_26,6197,449,cold,17,0,M,15.9,206.7,14,all,Hemato,924.974833333333,neg,304428
6197_449_26,6197,449,cold,17,0,M,15.9,206.7,14,all,Hemato,924.974833333333,neg,329777
6197_449_26,6197,449,cold,17,0,M,15.9,206.7,14,all,Hemato,924.974833333333,pos,304428
6197_449_26,6197,449,cold,17,0,M,15.9,206.7,14,all,Hemato,924.974833333333,pos,329777
6198_154_9,6198,154,NA,0,1,I,1.32,59.4,50,all,Hemato,NA,POS,NA
6198_154_9,6198,154,NA,0,1,I,1.32,59.4,50,all,Hemato,NA,pos,NA
6198_230_12,6198,230,cold,2,1,I,6.2,279,50,all,Hemato,NA,POS,NA
6198_230_12,6198,230,cold,2,1,I,6.2,279,50,all,Hemato,NA,pos,NA
6198_428_26,6198,428,cold,17,1,I,17.8,231.4,14,all,Hemato,NA,POS,NA
6198_428_26,6198,428,cold,17,1,I,17.8,231.4,14,all,Hemato,NA,pos,NA
6198_428_26,6198,428,cold,17,1,I,2.75,123.75,50,all,Hemato,NA,POS,NA
6198_428_26,6198,428,cold,17,1,I,2.75,123.75,50,all,Hemato,NA,pos,NA
6199_151_9,6199,151,NA,0,1,I,18.6,241.8,15,35,Hemato,1549.75,pos,380821
6199_151_9,6199,151,NA,0,1,I,18.6,241.8,15,35,Hemato,1549.75,pos,151
6199_254_12,6199,254,cold,2,1,I,28.4,369.2,15,35,Hemato,1549.75,pos,254
6199_445_26,6199,445,cold,17,1,I,20.4,306,15,all,Hemato,1549.75,pos,445
6200_208_12,6200,208,cold,2,3,M,14.1,211.5,15,35,Hemato,135.20225,neg,NA
6200_208_12,6200,208,cold,2,3,M,14.1,211.5,15,35,Hemato,135.20225,pos,NA
6200_416_26,6200,416,cold,17,3,M,2.94,14.7,10,all,Hemato,135.20225,neg,NA
6200_416_26,6200,416,cold,17,3,M,2.94,14.7,10,all,Hemato,135.20225,pos,NA
6200_94_9,6200,94,NA,0,3,M,19.1,286.5,15,35,Hemato,135.20225,neg,NA
6200_94_9,6200,94,NA,0,3,M,19.1,286.5,15,35,Hemato,135.20225,pos,NA
6201_163_9,6201,163,NA,0,1,I,16.3,211.9,15,35,Hemato,372.85,pos,380821
6201_163_9,6201,163,NA,0,1,I,16.3,211.9,15,35,,372.85,pos,380821
6201_341_12,6201,341,ambient,2,1,I,17.9,232.7,15,35,Hemato,372.85,pos,NA
6201_341_12,6201,341,ambient,2,1,I,17.9,232.7,15,35,,372.85,pos,NA
6201_478_26,6201,478,ambient,17,1,I,9.88,247,30,all,Hemato,372.85,pos,NA
6201_478_26,6201,478,ambient,17,1,I,9.88,247,30,all,,372.85,pos,NA
6202_109_9,6202,109,NA,0,1,I,3.76,48.88,15,35,Hemato,1377.75,pos,NA
6202_337_12,6202,337,ambient,2,1,I,23.7,237,15,35,Hemato,1377.75,pos,NA
6203_113_9,6203,113,NA,0,0,M,38.1,495.3,15,70,Hemato,3069.6,pos,113
6203_222_12,6203,222,cold,2,0,M,30.6,397.8,15,70,Hemato,3069.6,pos,329775
6203_222_12,6203,222,cold,2,0,M,30.6,397.8,15,70,Hemato,3069.6,pos,222
6203_425_26,6203,425,cold,17,0,M,29.9,388.7,15,70,Hemato,3069.6,pos,329777
6203_425_26,6203,425,cold,17,0,M,29.9,388.7,15,70,Hemato,3069.6,pos,425
6204_114_9,6204,114,NA,0,3,M,6.37,95.55,15,35,Hemato,385,pos,NA
6204_114_9,6204,114,NA,0,3,M,5.37,80.55,15,NA,Hemato,385,pos,NA
6204_252_12,6204,252,cold,2,3,M,10.5,157.5,15,35,Hemato,385,pos,NA
6204_448_26,6204,448,cold,17,3,M,11.4,57,10,all,Hemato,385,pos,NA
6205_121_9,6205,121,NA,0,0,I,6.23,80.99,15,35,Hemato,6631.83333333333,pos,NA
6205_121_9,6205,121,NA,0,0,I,6.23,80.99,15,35,,6631.83333333333,pos,NA
6205_475_26,6205,475,ambient,17,0,I,13.1,196.5,15,NA,Hemato,6631.83333333333,pos,NA
6205_475_26,6205,475,ambient,17,0,I,13.1,196.5,15,NA,,6631.83333333333,pos,NA
6206_103_9,6206,103,NA,0,1,I,16,208,15,35,Hemato,297.65,pos,380821
6206_319_12,6206,319,ambient,2,1,I,11.2,168,15,NA,Hemato,297.65,pos,NA
6206_509_26,6206,509,ambient,17,1,I,9.75,97.5,15,35,Hemato,297.65,pos,NA
6207_128_9,6207,128,NA,0,1,I,5.32,239.4,50,all,Hemato,145.75,pos,NA
6207_202_12,6207,202,cold,2,1,I,4.68,210.6,50,all,Hemato,145.75,pos,NA
6207_412_26,6207,412,cold,17,1,I,5,225,50,all,Hemato,145.75,pos,NA
6208_106_9,6208,106,NA,0,1,I,3.1,139.5,50,all,Hemato,87232.75,pos,NA
6208_229_12,6208,229,cold,2,1,I,2.12,95.4,50,all,Hemato,87232.75,pos,NA
6208_435_26,6208,435,cold,17,1,I,20.8,270.4,14,all,Hemato,87232.75,pos,NA
6208_435_26,6208,435,cold,17,1,I,0.92,41.4,50,all,Hemato,87232.75,pos,NA
6209_125_9,6209,125,NA,0,1,I,5.88,264.6,50,all,Hemato,317,pos,NA
6209_251_12,6209,251,cold,2,1,I,4.8,216,50,all,Hemato,317,pos,NA
6209_444_26,6209,444,cold,17,1,I,8.24,370.8,50,all,Hemato,317,pos,NA
6210_274_12,6210,274,warm,2,1,I,2.44,109.8,50,all,Hemato,4572.5,pos,NA
6210_401_26,6210,401,warm,17,1,I,2.18,98.1,50,all,Hemato,4572.5,pos,329776
6210_401_26,6210,401,warm,17,1,I,5.27,68.51,15,70,Hemato,4572.5,pos,329776
6211_118_9,6211,118,NA,0,1,I,51,663,15,70,Hemato,105477.333333333,pos,118
6211_118_9,6211,118,NA,0,1,I,51,663,15,70,,105477.333333333,pos,118
6211_349_12,6211,349,ambient,2,1,I,5.56,250.2,50,all,Hemato,105477.333333333,pos,349
6211_349_12,6211,349,ambient,2,1,I,5.56,250.2,50,all,,105477.333333333,pos,349
6211_481_26,6211,481,ambient,17,1,I,17.9,232.7,15,70,Hemato,105477.333333333,pos,329776
6211_481_26,6211,481,ambient,17,1,I,17.9,232.7,15,70,Hemato,105477.333333333,pos,481
6211_481_26,6211,481,ambient,17,1,I,17.9,232.7,15,70,,105477.333333333,pos,329776
6211_481_26,6211,481,ambient,17,1,I,17.9,232.7,15,70,,105477.333333333,pos,481
6212_132_9,6212,132,NA,0,1,I,11.3,146.9,15,70,Hemato,333000,pos,132
6212_334_12,6212,334,ambient,2,1,I,15.6,202.8,15,70,Hemato,333000,pos,329771
6212_334_12,6212,334,ambient,2,1,I,15.6,202.8,15,70,Hemato,333000,pos,334
6212_485_26,6212,485,ambient,17,1,I,7.61,98.93,15,70,Hemato,333000,pos,304428
6212_485_26,6212,485,ambient,17,1,I,7.61,98.93,15,70,Hemato,333000,pos,329776
6212_485_26,6212,485,ambient,17,1,I,7.61,98.93,15,70,Hemato,333000,pos,485
6212_485_26,6212,485,ambient,17,1,I,5.52,71.76,14,all,Hemato,333000,pos,304428
6212_485_26,6212,485,ambient,17,1,I,5.52,71.76,14,all,Hemato,333000,pos,329776
6212_485_26,6212,485,ambient,17,1,I,5.52,71.76,14,all,Hemato,333000,pos,485
6213_108_9,6213,108,NA,0,0,I,13.6,176.8,15,35,Hemato,74.915,neg,380820
6213_108_9,6213,108,NA,0,0,I,13.6,176.8,15,35,Hemato,74.915,pos,380820
6213_310_12,6213,310,ambient,2,0,I,27.3,354.9,15,35,Hemato,74.915,neg,NA
6213_310_12,6213,310,ambient,2,0,I,27.3,354.9,15,35,Hemato,74.915,pos,NA
6213_506_26,6213,506,ambient,17,0,I,1.54,38.5,30,all,Hemato,74.915,neg,NA
6213_506_26,6213,506,ambient,17,0,I,1.54,38.5,30,all,Hemato,74.915,pos,NA
6214_107_9,6214,107,NA,0,1,I,2.59,116.55,50,all,Hemato,NA,POS,NA
6214_107_9,6214,107,NA,0,1,I,2.59,116.55,50,all,,NA,pos,NA
6214_107_9,6214,107,NA,0,1,I,2.59,116.55,50,all,Hemato,NA,pos,NA
6214_311_12,6214,311,ambient,2,1,I,2.05,92.25,50,all,Hemato,NA,POS,NA
6214_311_12,6214,311,ambient,2,1,I,2.05,92.25,50,all,,NA,pos,NA
6214_311_12,6214,311,ambient,2,1,I,2.05,92.25,50,all,Hemato,NA,pos,NA
6214_504_26,6214,504,ambient,17,1,I,15.5,697.5,50,all,Hemato,NA,POS,329776
6214_504_26,6214,504,ambient,17,1,I,15.5,697.5,50,all,,NA,pos,329776
6214_504_26,6214,504,ambient,17,1,I,15.5,697.5,50,all,Hemato,NA,pos,329776
6214_504_26,6214,504,ambient,17,1,I,13.2,171.6,15,70,Hemato,NA,POS,329776
6214_504_26,6214,504,ambient,17,1,I,13.2,171.6,15,70,,NA,pos,329776
6214_504_26,6214,504,ambient,17,1,I,13.2,171.6,15,70,Hemato,NA,pos,329776
6215_23_9,6215,23,NA,0,1,I,1.16,52.2,50,all,Hemato,307.833333333333,pos,NA
6215_253_12,6215,253,cold,2,1,#N/A,0.84,37.8,50,all,Hemato,307.833333333333,pos,NA
6215_457_26,6215,457,cold,17,1,#N/A,3.58,161.1,50,all,Hemato,307.833333333333,pos,329776
6215_457_26,6215,457,cold,17,1,#N/A,10,130,15,70,Hemato,307.833333333333,pos,329776
6216_267_12,6216,267,warm,2,0,I,4.88,219.6,50,all,Hemato,2.53,neg,NA
6216_40_9,6216,40,NA,0,0,I,1.75,78.75,50,all,Hemato,2.53,neg,NA
6217_129_9,6217,129,NA,0,0,I,16.7,217.1,15,70,Hemato,NA,,NA
6218_373_12,6218,373,warm,2,3,I,14.3,214.5,15,NA,Hemato,0.8835,neg,NA
6218_93_9,6218,93,NA,0,3,I,19.1,286.5,15,35,Hemato,0.8835,neg,NA
6219_116_9,6219,116,NA,0,1,I,4.2,189,50,all,Hemato,652,pos,NA
6219_276_12,6219,276,warm,2,1,I,4.2,189,50,all,Hemato,652,pos,NA
6220_162_9,6220,162,NA,0,1,I,2.88,129.6,50,all,Hemato,198,pos,NA
6220_293_12,6220,293,warm,2,1,I,8.52,383.4,50,all,Hemato,198,pos,NA
6221_16_9,6221,16,NA,0,1,I,10.2,459,50,all,Hemato,146.5,pos,NA
6221_16_9,6221,16,NA,0,1,I,10.2,459,50,all,Hemato,146.5,pos,NA
6221_380_12,6221,380,warm,2,1,I,3.03,136.35,50,all,Hemato,146.5,pos,NA
6222_1_9,6222,1,NA,0,0,M,13,169,15,35,Hemato,5.81,pos,NA
6223_270_12,6223,270,warm,2,0,M,29.3,380.9,15,35,Hemato,0.4255,neg,380824
6224_277_12,6224,277,warm,2,1,I,9.32,419.4,50,all,Hemato,52.3,pos,NA
6224_74_9,6224,74,NA,0,1,I,4.6,207,50,all,Hemato,52.3,pos,NA
6225_298_12,6225,298,warm,2,1,I,2.1,94.5,50,all,Hemato,163000,pos,NA
6225_92_9,6225,92,NA,0,1,I,6.56,295.2,50,all,Hemato,163000,pos,NA
6226_260_12,6226,260,warm,2,0,I,8.28,372.6,50,all,Hemato,1.93,neg,NA
6226_85_9,6226,85,NA,0,0,I,10.8,486,50,all,Hemato,1.93,neg,NA
6227_366_12,6227,366,warm,2,1,I,2.41,108.45,50,all,Hemato,70.75,pos,NA
6227_83_9,6227,83,NA,0,1,I,3.44,154.8,50,all,Hemato,70.75,pos,NA
6228_29_9,6228,29,NA,0,0,I,33.1,430.3,15,35,Hemato,78.7,pos,NA
6228_29_9,6228,29,NA,0,0,I,25.8,335.4,15,35,Hemato,78.7,pos,NA
6228_290_12,6228,290,warm,2,0,I,28.5,370.5,15,35,Hemato,78.7,pos,380824
6229_379_12,6229,379,warm,2,0,I,3.94,177.3,50,all,Hemato,0,neg,NA
6229_89_9,6229,89,NA,0,0,I,4.96,223.2,50,all,Hemato,0,neg,NA
6230_292_12,6230,292,warm,2,0,M,17.2,223.6,15,35,Hemato,4.6,pos,380824
6231_102_9,6231,102,NA,0,1,I,14.5,188.5,15,35,Hemato,0.1885,neg,380821
6231_278_12,6231,278,warm,2,1,I,17.7,230.1,15,35,Hemato,0.1885,neg,380825
6232_286_12,6232,286,warm,2,0,M,51,663,15,35,Hemato,NA,neg 4 rep ,380824
6233_117_9,6233,117,NA,0,1,I,23.1,300.3,15,35,NA,NA,NA,380821
6233_371_12,6233,371,warm,2,1,I,28.5,370.5,15,35,NA,NA,NA,380825
6234_263_12,6234,263,warm,2,0,I,26.6,345.8,15,35,Hemato,0,neg,380824
6235_297_12,6235,297,warm,2,0,I,40.9,531.7,15,35,Hemato,NA,iffy,380824
6236_157_9,6236,157,NA,0,0,I,7.6,342,50,all,Hemato,1.36,neg,NA
6236_361_12,6236,361,warm,2,0,I,6.52,293.4,50,all,Hemato,1.36,neg,NA
6237_17_9,6237,17,NA,0,1,I,17.4,226.2,15,35,Hemato,1330,pos,380821
6238_375_12,6238,375,warm,2,0,M,23.2,301.6,15,35,Hemato,NA,neg 2 rep ,380824
6239_166_9,6239,166,NA,0,1,I,14.7,191.1,15,35,Hemato,1500,pos,NA
6240_362_12,6240,362,warm,2,1,I,13.4,174.2,15,35,Hemato,2115,pos,NA
6241_323_12,6241,323,ambient,2,1,I,22.2,333,15,NA,Hemato,15300,pos,NA
6242_377_12,6242,377,warm,2,0,M,22.3,289.9,15,35,Hemato,155,pos,380824
6243_173_9,6243,173,NA,0,1,I,4.77,71.55,15,35,Hemato,4515,pos,173
6243_272_12,6243,272,warm,2,1,I,9.42,122.46,15,35,Hemato,4515,pos,272
6244_284_12,6244,284,warm,2,1,I,27.6,358.8,15,35,Hemato,235,pos,380825
6245_126_9,6245,126,NA,0,1,I,17.2,258,15,NA,Hemato,103.75,pos,NA
6245_365_12,6245,365,warm,2,1,I,37,481,15,35,Hemato,103.75,pos,380825
6246_265_12,6246,265,warm,2,0,I,7.24,325.8,50,all,Hemato,0.279,neg,NA
6246_3_9,6246,3,NA,0,0,I,7.2,324,50,all,Hemato,0.279,neg,NA
6247_152_9,6247,152,NA,0,0,I,2.46,110.7,50,all,Hemato,NA,NEG,NA
6247_287_12,6247,287,warm,2,0,I,5.52,248.4,50,all,Hemato,NA,NEG,NA
6248_378_12,6248,378,warm,2,0,I,14.1,183.3,15,35,Hemato,0.2485,neg,NA
6249_279_12,6249,279,warm,2,1,I,35.5,461.5,15,35,Hemato,32.15,pos,380825
6249_96_9,6249,96,NA,0,1,I,14.1,211.5,15,35,Hemato,32.15,pos,NA
6250_294_12,6250,294,warm,2,1,I,5.23,67.99,15,35,Hemato,119500,pos,294
6250_72_9,6250,72,NA,0,1,I,9.16,137.4,15,35,Hemato,119500,pos,72
6251_376_12,6251,376,warm,2,1,I,8.47,110.11,15,35,Hemato,147.5,pos,NA
6252_330_12,6252,330,ambient,2,3,M,11,143,15,70,Hemato,0.436,neg,329771
6252_99_9,6252,99,NA,0,3,M,6.56,98.4,15,35,Hemato,0.436,neg,NA
6253_275_12,6253,275,warm,2,0,I,29.8,387.4,15,35,Hemato,0,neg,380824
6254_296_12,6254,296,warm,2,0,I,8.49,110.37,15,35,Hemato,1.124,neg,NA
6255_262_12,6255,262,warm,2,1,I,41.3,536.9,15,35,Hemato,1785,pos,380825
6256_283_12,6256,283,warm,2,1,I,19,247,15,35,Hemato,NA,POS,380825
6257_363_12,6257,363,warm,2,1,I,20.7,269.1,15,35,Hemato,NA,POS,380825
6258_140_9,6258,140,NA,0,3,M,6.92,103.8,15,35,Hemato,NA,neg,NA
6258_140_9,6258,140,NA,0,3,M,6.92,103.8,15,35,Hemato,NA,NEG,NA
6258_261_12,6258,261,warm,2,3,M,10.6,159,15,NA,Hemato,NA,neg,NA
6258_261_12,6258,261,warm,2,3,M,10.6,159,15,NA,Hemato,NA,NEG,NA
6259_281_12,6259,281,warm,2,0,M,23.1,300.3,15,35,Hemato,0.1295,neg,NA
6260_374_12,6260,374,warm,2,0,M,18.3,237.9,15,35,Hemato,NA,NEG,NA
6261_273_12,6261,273,warm,2,1,I,36.1,469.3,15,35,Hemato,3345,pos,380825
6262_289_12,6262,289,warm,2,1,I,27.1,352.3,15,35,Hemato,78.8,pos,380825
6263_368_12,6263,368,warm,2,1,I,16.6,215.8,15,35,Hemato,29.25,pos,NA
6264_180_9,6264,180,NA,0,0,I,14.4,216,15,35,Hemato,1.02,neg,NA
6264_268_12,6264,268,warm,2,0,I,15.2,197.6,15,35,Hemato,1.02,neg,NA
6265_155_9,6265,155,NA,0,0,I,12.2,183,15,35,Hemato,16.5,pos,NA
6265_282_12,6265,282,warm,2,0,I,24.4,317.2,15,35,Hemato,16.5,pos,380824
6266_264_12,6266,264,warm,2,1,I,40.5,526.5,15,35,Hemato,199,pos,NA
6267_159_9,6267,159,NA,0,1,I,20.1,261.3,15,70,Hemato,1.495,neg,NA
6267_288_12,6267,288,warm,2,1,I,24.8,322.4,15,70,Hemato,1.495,neg,329771
6268_369_12,6268,369,warm,2,0,I,31.5,409.5,15,70,Hemato,0.193,neg,329775
6269_160_9,6269,160,NA,0,1,I,24.6,319.8,15,70,Hemato,256.5,pos,NA
6269_364_12,6269,364,warm,2,1,I,21.1,274.3,15,70,Hemato,256.5,pos,329771
6270_131_9,6270,131,NA,0,0,M,45.4,590.2,15,70,Hemato,3445,pos,NA
6270_269_12,6270,269,warm,2,0,M,31.7,475.5,15,NA,Hemato,3445,pos,NA
6271_105_9,6271,105,NA,0,0,M,42.6,553.8,15,70,Hemato,2.95,neg,NA
6271_295_12,6271,295,warm,2,0,M,7.54,98.02,15,70,Hemato,2.95,neg,329775
6272_111_9,6272,111,NA,0,0,I,39.9,518.7,15,35,Hemato,2.41,neg,NA
6272_111_9,6272,111,NA,0,0,I,20,260,15,35,Hemato,2.41,neg,NA
6272_338_12,6272,338,ambient,2,0,I,10.6,159,15,NA,Hemato,2.41,neg,NA
6273_127_9,6273,127,NA,0,1,I,72,936,15,70,Hemato,211000,pos,127
6273_280_12,6273,280,warm,2,1,I,17.9,232.7,15,70,Hemato,211000,pos,329771
6273_280_12,6273,280,warm,2,1,I,17.9,232.7,15,70,Hemato,211000,pos,280
6274_122_9,6274,122,NA,0,1,I,17.8,231.4,15,70,Hemato,9085,pos,NA
6274_367_12,6274,367,warm,2,1,I,24.3,315.9,15,70,Hemato,9085,pos,329771
6275_110_9,6275,110,NA,0,3,M,11.4,171,15,35,Hemato,NA,NEG,NA
6275_372_12,6275,372,warm,2,3,M,10.1,151.5,15,NA,Hemato,NA,NEG,NA
6276_50_9,6276,50,NA,0,0,I,12.6,163.8,15,35,Hemato,0.362,neg,NA
6277_177_9,6277,177,NA,0,0,I,63,819,15,35,Hemato,7.325,pos,NA
6277_177_9,6277,177,NA,0,0,I,22.8,296.4,15,35,Hemato,7.325,pos,NA
6278_147_9,6278,147,NA,0,1,I,15.3,198.9,15,70,Hemato,23422.5,pos,NA
6278_413_26,6278,413,cold,17,1,I,6.38,82.94,15,70,Hemato,23422.5,pos,329776
6279_13_9,6279,13,NA,0,1,I,8.29,107.77,15,70,Hemato,747,pos,NA
6279_219_12,6279,219,cold,2,1,I,19.3,250.9,15,70,Hemato,747,pos,329771
6279_411_26,6279,411,cold,17,1,I,11.3,146.9,15,70,Hemato,747,pos,329776
