target,content,sample,cq,cq_mean,cq_sd,sq,log_sq,sq_sd,sq_all-runs_mean,rep_pos-neg,sample_pos-neg,year_FRP,FRP,run,comments
Hemato,Unkn-35,31-F01,32.93,33.03,0.136,2.04E+01,1.309,1.84E+00,,pos,pos,2017-6101,6101,4/25/18 third,
Hemato,Unkn-35,31-F01,33.13,33.03,0.136,1.78E+01,1.25,1.84E+00,,pos,pos,2017-6101,6101,4/25/18 third,
Hemato,Unkn-32,37-G02,31.29,31.41,0.182,7.14E+01,1.854,8.52E+00,,pos,pos,2017-6101,6101,3/29/18 second,
Hemato,Unkn-32,37-G02,31.54,31.41,0.182,5.93E+01,1.773,8.52E+00,,pos,pos,2017-6101,6101,3/29/18 second,
Hemato,Unkn-29,34-G03,38.56,38.56,0,3.76E-01,-0.425,0.00E+00,,neg,neg,2017-6102,6102,4/25/18 third,
Hemato,Unkn-29,34-G03,N/A,0,0,0,N/A,0.00E+00,,neg,neg,2017-6102,6102,4/25/18 third,
Hemato,Unkn-33,37-G05,32.02,32.06,0.057,6.67E+01,1.824,2.56E+00,,pos,pos,2017-6102,6102,3/29/18 1st,
Hemato,Unkn-33,37-G05,32.11,32.06,0.057,6.31E+01,1.8,2.56E+00,,pos,pos,2017-6102,6102,3/29/18 1st,
Hemato,Unkn-19,30-H03,30.14,3.04E+01,0.333,2.02E+02,2.31E+00,4.05E+01,,pos,pos,2017-6103,6103,4/25/18 fourth,
Hemato,Unkn-19,30-H03,30.61,3.04E+01,0.333,1.45E+02,2.16E+00,4.05E+01,,pos,pos,2017-6103,6103,4/25/18 fourth,
Hemato,Unkn-02,37-A02,30.03,29.91,0.178,1.76E+02,2.244,2.45E+01,,pos,pos,2017-6103,6103,3/29/18 second,
Hemato,Unkn-02,37-A02,29.78,29.91,0.178,2.10E+02,2.323,2.45E+01,,pos,pos,2017-6103,6103,3/29/18 second,
Hemato,Unkn-06,30-A03,N/A,0.00E+00,0.000,0,N/A,0.00E+00,,neg,neg,2017-6104,6104,4/25/18 fourth,
Hemato,Unkn-06,30-A03,39.86,3.99E+01,0.000,2.05E-01,-6.88E-01,0.00E+00,,neg,neg,2017-6104,6104,4/25/18 fourth,
Hemato,Unkn-16,37-D08,32.29,32.2,0.119,3.48E+01,1.541,3.16E+00,,pos,pos,2017-6104,6104,3/29/18 second,
Hemato,Unkn-16,37-D08,32.12,32.2,0.119,3.92E+01,1.593,3.16E+00,,pos,pos,2017-6104,6104,3/29/18 second,
Hemato,Unkn-17,30-D01,31.72,31.71,0.014,6.57E+01,1.82E+00,6.36E-01,,pos,pos,2017-6105,6105,4/25/18 fourth,
Hemato,Unkn-17,30-D01,31.7,31.71,0.014,6.66E+01,1.82E+00,6.36E-01,,pos,pos,2017-6105,6105,4/25/18 fourth,
Hemato,Unkn-28,37-F05,31.35,31.49,0.193,1.06E+02,2.024,1.28E+01,,pos,pos,2017-6105,6105,3/29/18 1st,
Hemato,Unkn-28,37-F05,31.63,31.49,0.193,8.77E+01,1.943,1.28E+01,,pos,pos,2017-6105,6105,3/29/18 1st,
Hemato,Unkn-08,30-E11,34.51,3.44E+01,0.171,9.14E+00,9.61E-01,1.21E+00,,pos,pos,2017-6106,6106,4/25/18 fourth,
Hemato,Unkn-08,30-E11,34.26,3.44E+01,0.171,1.09E+01,1.04E+00,1.21E+00,,pos,pos,2017-6106,6106,4/25/18 fourth,
Hemato,Unkn-15,37-C07,30.86,30.87,0.008,1.48E+02,2.171,8.31E-01,,pos,pos,2017-6106,6106,3/29/18 1st,
Hemato,Unkn-15,37-C07,30.87,30.87,0.008,1.47E+02,2.168,8.31E-01,,pos,pos,2017-6106,6106,3/29/18 1st,
Hemato,Unkn-21,32-F04,36.46,36.37,0.117,8.07E-01,-0.093,7.33E-02,,neg,neg,2017-6107,6107,4/25/18 second,
Hemato,Unkn-21,32-F04,36.29,36.37,0.117,9.11E-01,-0.041,7.33E-02,,neg,neg,2017-6107,6107,4/25/18 second,
Hemato,Unkn-25,38-E02,30.59,30.55,0.058,1.18E+02,2.071,5.09E+00,,pos,pos,2017-6107,6107,3/29/18 second,
Hemato,Unkn-25,38-E02,30.51,30.55,0.058,1.25E+02,2.097,5.09E+00,,pos,pos,2017-6107,6107,3/29/18 second,
Hemato,Unkn-26,32-F09,33.3,33.37,0.095,8.15E+00,0.911,5.37E-01,,pos,pos,2017-6108,6108,4/25/18 second,
Hemato,Unkn-26,32-F09,33.43,33.37,0.095,7.39E+00,0.868,5.37E-01,,pos,pos,2017-6108,6108,4/25/18 second,
Hemato,Unkn-01,37-A08,30.22,30.41,0.268,1.53E+02,2.185,2.58E+01,,pos,pos,2017-6108,6108,3/29/18 second,
Hemato,Unkn-01,37-A08,30.6,30.41,0.268,1.16E+02,2.066,2.58E+01,,pos,pos,2017-6108,6108,3/29/18 second,
Hemato,Unkn-32,34-A01,N/A,0,0,0,N/A,0.00E+00,,neg,neg,2017-6109,6109,4/25/18 third,
Hemato,Unkn-32,34-A01,35.53,35.53,0,3.22E+00,0.508,0.00E+00,,neg,neg,2017-6109,6109,4/25/18 third,very close to pos
,Unkn-32,38-G03,30.78,30.77,0.009,4.69E+02,2.67E+00,2.95E+00,,pos,pos,2017-6109,6109,3/27/18 third,
,Unkn-32,38-G03,30.77,30.77,0.009,4.73E+02,2.68E+00,2.95E+00,,pos,pos,2017-6109,6109,3/27/18 third,
Hemato,Unkn-31,38-G03,29.74,29.88,0.193,3.57E+02,2.553,4.45E+01,,pos,pos,2017-6109,6109,4/24/18 first,
Hemato,Unkn-31,38-G03,30.01,29.88,0.193,2.94E+02,2.469,4.45E+01,,pos,pos,2017-6109,6109,4/24/18 first,
Hemato,Unkn-38,33-C08,36.41,36.41,0.000,1.78E+00,2.49E-01,0.00E+00,,neg,neg,2017-6110,6110,4/27/18 2nd,
Hemato,Unkn-38,33-C08,N/A,0,0.000,0,N/A,0.00E+00,,neg,neg,2017-6110,6110,4/27/18 2nd,
Hemato,Unkn-32,38-G04,30.69,30.73,0.062,1.82E+02,2.26,7.76E+00,,pos,pos,2017-6110,6110,4/24/18 first,
Hemato,Unkn-32,38-G04,30.78,30.73,0.062,1.71E+02,2.233,7.76E+00,,pos,pos,2017-6110,6110,4/24/18 first,
Hemato,Unkn-15,31-C02,32.36,32.5,0.188,3.05E+01,1.484,3.70E+00,,pos,pos,2017-6111,6111,4/25/18 third,
Hemato,Unkn-15,31-C02,32.63,32.5,0.188,2.53E+01,1.403,3.70E+00,,pos,pos,2017-6111,6111,4/25/18 third,
,Unkn-06,38-B02,29.82,29.57,0.354,9.01E+02,2.954,2.58E+02,,pos,pos,2017-6111,6111,3/27/18 third,
,Unkn-06,38-B02,29.32,29.57,0.354,1.27E+03,3.102,2.58E+02,,pos,pos,2017-6111,6111,3/27/18 third,
Hemato,Unkn-10,38-B02,27.82,27.72,0.141,8.61E+02,2.935,9.37E+01,,pos,pos,2017-6111,6111,3/29/18 second,
Hemato,Unkn-10,38-B02,27.62,27.72,0.141,9.94E+02,2.997,9.37E+01,,pos,pos,2017-6111,6111,3/29/18 second,
Hemato,,34-B04,,,,,,,,,neg 4 rep ,2017-6112,6112,,
,Unkn-15,38-C06,30.5,30.48,0.033,5.67E+02,2.75E+00,1.31E+01,,pos,pos,2017-6112,6112,3/27/18 third,
,Unkn-15,38-C06,30.45,30.48,0.033,5.86E+02,2.77E+00,1.31E+01,,pos,pos,2017-6112,6112,3/27/18 third,
Hemato,Unkn-14,38-C06,29.22,29.23,0.02,5.18E+02,2.714,7.33E+00,,pos,pos,2017-6112,6112,4/24/18 first,
Hemato,Unkn-14,38-C06,29.25,29.23,0.02,5.07E+02,2.705,7.33E+00,,pos,pos,2017-6112,6112,4/24/18 first,
Hemato,Unkn-34,31-A03,33.12,3.32E+01,0.067,2.44E+01,1.39E+00,1.12E+00,,pos,pos,2017-6113,6113,4/25/18 fourth,
Hemato,Unkn-34,31-A03,33.22,3.32E+01,0.067,2.28E+01,1.36E+00,1.12E+00,,pos,pos,2017-6113,6113,4/25/18 fourth,
Hemato,Unkn-13,37-C03,32.76,32.75,0.008,2.48E+01,1.395,1.42E-01,,pos,pos,2017-6113,6113,3/29/18 second,
Hemato,Unkn-13,37-C03,32.75,32.75,0.008,2.50E+01,1.398,1.42E-01,,pos,pos,2017-6113,6113,3/29/18 second,
Hemato,Unkn-31,33-G07,28.5,28.81,0.44,4.74E+02,2.675,1.19E+02,,pos,pos,2017-6114,6114,4/25/18 third,
Hemato,Unkn-31,33-G07,29.12,28.81,0.44,3.05E+02,2.484,1.19E+02,,pos,pos,2017-6114,6114,4/25/18 third,
Hemato,Unkn-12,38-C04,30.9,30.99,0.135,1.57E+02,2.196,1.41E+01,,pos,pos,2017-6114,6114,4/24/18 first,
Hemato,Unkn-12,38-C04,31.09,30.99,0.135,1.37E+02,2.137,1.41E+01,,pos,pos,2017-6114,6114,4/24/18 first,
Hemato,Unkn-03,30-E05,26.52,2.64E+01,0.155,2.63E+03,3.42E+00,3.13E+02,,pos,pos,2017-6115,6115,4/25/18 fourth,
Hemato,Unkn-03,30-E05,26.3,2.64E+01,0.155,3.08E+03,3.49E+00,3.13E+02,,pos,pos,2017-6115,6115,4/25/18 fourth,
Hemato,Unkn-31,38-B08,31.68,31.44,0.335,5.38E+01,1.731,1.54E+01,,pos,pos,2017-6115,6115,3/29/18 second,
Hemato,Unkn-31,38-B08,31.2,31.44,0.335,7.57E+01,1.879,1.54E+01,,pos,pos,2017-6115,6115,3/29/18 second,
Hemato,Unkn-15,31-A09,28.97,2.91E+01,0.197,4.63E+02,2.67E+00,5.87E+01,,pos,pos,2017-6116,6116,4/25/18 fourth,
Hemato,Unkn-15,31-A09,29.25,2.91E+01,0.197,3.80E+02,2.58E+00,5.87E+01,,pos,pos,2017-6116,6116,4/25/18 fourth,
Hemato,Unkn-03,37-A03,29.01,28.75,0.369,3.65E+02,2.563,1.18E+02,,pos,pos,2017-6116,6116,3/29/18 second,
Hemato,Unkn-03,37-A03,28.49,28.75,0.369,5.32E+02,2.726,1.18E+02,,pos,pos,2017-6116,6116,3/29/18 second,
Hemato,Unkn-11,30-A04,36.72,3.67E+01,0.078,1.90E+00,2.78E-01,1.09E-01,,neg,neg,2017-6117,6117,4/25/18 fourth,
Hemato,Unkn-11,30-A04,36.61,3.67E+01,0.078,2.05E+00,3.12E-01,1.09E-01,,neg,neg,2017-6117,6117,4/25/18 fourth,
Hemato,Unkn-38,37-H05,31.41,31.47,0.082,1.01E+02,2.006,5.49E+00,,pos,pos,2017-6117,6117,3/29/18 1st,
Hemato,Unkn-38,37-H05,31.53,31.47,0.082,9.36E+01,1.971,5.49E+00,,pos,pos,2017-6117,6117,3/29/18 1st,
Hemato,Unkn-03,31-B08,29.31,29.22,0.12,2.63E+02,2.42,2.41E+01,,pos,pos,2017-6118,6118,4/24/18 second,
Hemato,Unkn-03,31-B08,29.14,29.22,0.12,2.97E+02,2.473,2.41E+01,,pos,pos,2017-6118,6118,4/24/18 second,
Hemato,Unkn-27,37-F04,29.59,29.69,0.14,3.56E+02,2.551,3.21E+01,,pos,pos,2017-6118,6118,3/29/18 1st,
Hemato,Unkn-27,37-F04,29.79,29.69,0.14,3.10E+02,2.492,3.21E+01,,pos,pos,2017-6118,6118,3/29/18 1st,
Hemato,Unkn-25,33-E07,34.07,34.11,0.061,4.64E+00,0.667,2.02E-01,,pos,pos,2017-6119,6119,4/25/18 second,
Hemato,Unkn-25,33-E07,34.15,34.11,0.061,4.36E+00,0.639,2.02E-01,,pos,pos,2017-6119,6119,4/25/18 second,
Hemato,Unkn-14,38-C01,31.01,30.93,0.117,8.69E+01,1.939,7.73E+00,,pos,pos,2017-6119,6119,3/29/18 second,
Hemato,Unkn-14,38-C01,30.85,30.93,0.117,9.78E+01,1.99,7.73E+00,,pos,pos,2017-6119,6119,3/29/18 second,
Hemato,Unkn-21,33-G03,27.33,27.31,0.03,1.08E+03,3.033,2.34E+01,,pos,pos,2017-6120,6120,4/25/18 third,
Hemato,Unkn-21,33-G03,27.29,27.31,0.03,1.11E+03,3.046,2.34E+01,,pos,pos,2017-6120,6120,4/25/18 third,
Hemato,Unkn-04,38-A01,30.51,30.38,0.19,1.25E+02,2.095,1.88E+01,,pos,pos,2017-6120,6120,3/29/18 second,
Hemato,Unkn-04,38-A01,30.24,30.38,0.19,1.51E+02,2.179,1.88E+01,,pos,pos,2017-6120,6120,3/29/18 second,
Hemato,Unkn-10,34-B03,30.53,30.46,0.096,1.15E+02,2.06E+00,8.25E+00,,pos,pos,2017-6121,6121,4/27/18 2nd,
Hemato,Unkn-10,34-B03,30.39,30.46,0.096,1.27E+02,2.10E+00,8.25E+00,,pos,pos,2017-6121,6121,4/27/18 2nd,
,Unkn-26,38-F02,30.21,30.22,0.004,6.89E+02,2.84E+00,2.09E+00,,pos,pos,2017-6121,6121,3/27/18 third,
,Unkn-26,38-F02,30.22,30.22,0.004,6.86E+02,2.84E+00,2.09E+00,,pos,pos,2017-6121,6121,3/27/18 third,
Hemato,Unkn-30,38-F02,28.64,28.55,0.128,4.78E+02,2.68,4.69E+01,,pos,pos,2017-6121,6121,3/29/18 second,
Hemato,Unkn-30,38-F02,28.46,28.55,0.128,5.45E+02,2.736,4.69E+01,,pos,pos,2017-6121,6121,3/29/18 second,
Hemato,Unkn-27,32-A04,29.01,29.06,0.081,6.09E+02,2.784,3.26E+01,,pos,pos,2017-6122,6122,4/25/18 first,1.0 ul DNA in ea well
Hemato,Unkn-27,32-A04,29.12,29.06,0.081,5.63E+02,2.75,3.26E+01,,pos,pos,2017-6122,6122,4/25/18 first,1.0 ul DNA in ea well
Hemato,Unkn-37,38-H04,28.41,28.5,0.135,9.21E+02,2.964,8.26E+01,,pos,pos,2017-6122,6122,4/24/18 first,
Hemato,Unkn-37,38-H04,28.6,28.5,0.135,8.04E+02,2.905,8.26E+01,,pos,pos,2017-6122,6122,4/24/18 first,
Hemato,Unkn-16,31-G07,34.81,34.61,0.294,1.10E+01,1.042,2.59E+00,,pos,pos,2017-6123,6123,4/25/18 first,
Hemato,Unkn-16,31-G07,34.4,34.61,0.294,1.47E+01,1.167,2.59E+00,,pos,pos,2017-6123,6123,4/25/18 first,
Hemato,Unkn-22,32-A03,36.07,36.2,0.18,4.61E+00,0.663,5.25E-01,,pos,pos,2017-6123,6123,4/25/18 first,
Hemato,Unkn-22,32-A03,36.33,36.2,0.18,3.86E+00,0.587,5.25E-01,,pos,pos,2017-6123,6123,4/25/18 first,
,Unkn-31,38-G02,31.8,31.95,0.203,2.34E+02,2.37E+00,2.93E+01,,pos,pos,2017-6123,6123,3/27/18 third,
,Unkn-31,38-G02,32.09,31.95,0.203,1.92E+02,2.28E+00,2.93E+01,,pos,pos,2017-6123,6123,3/27/18 third,
Hemato,Unkn-22,38-G02,30.19,29.88,0.435,1.40E+02,2.147,5.48E+01,,pos,pos,2017-6123,6123,4/24/18 second,
Hemato,Unkn-22,38-G02,29.57,29.88,0.435,2.18E+02,2.338,5.48E+01,,pos,pos,2017-6123,6123,4/24/18 second,
Hemato,Unkn-05,31-E07,27.09,27.14,0.072,1.29E+03,3.11,6.40E+01,,pos,pos,2017-6124,6124,4/24/18 second,
Hemato,Unkn-05,31-E07,27.19,27.14,0.072,1.20E+03,3.078,6.40E+01,,pos,pos,2017-6124,6124,4/24/18 second,
Hemato,Unkn-29,38-F01,30.09,30.13,0.061,1.68E+02,2.226,7.13E+00,,pos,pos,2017-6124,6124,3/29/18 second,
Hemato,Unkn-29,38-F01,30.18,30.13,0.061,1.58E+02,2.199,7.13E+00,,pos,pos,2017-6124,6124,3/29/18 second,
Hemato,Unkn-04,34-D07,31.62,31.8,0.25,5.17E+01,1.714,8.10E+00,,pos,pos,2017-6125,6125,4/25/18 third,
Hemato,Unkn-04,34-D07,31.97,31.8,0.25,4.03E+01,1.605,8.10E+00,,pos,pos,2017-6125,6125,4/25/18 third,
Hemato,Unkn-39,34-D07,31.39,31.26,0.181,6.28E+01,1.80E+00,8.82E+00,,pos,pos,2017-6125,6125,4/27/18 2nd,
Hemato,Unkn-39,34-D07,31.13,31.26,0.181,7.52E+01,1.88E+00,8.82E+00,,pos,pos,2017-6125,6125,4/27/18 2nd,
,Unkn-35,38-G06,31.19,31.32,0.170,3.54E+02,2.55E+00,3.77E+01,,pos,pos,2017-6125,6125,3/27/18 third,
,Unkn-35,38-G06,31.44,31.32,0.170,3.00E+02,2.48E+00,3.77E+01,,pos,pos,2017-6125,6125,3/27/18 third,
Hemato,Unkn-34,38-G06,30.1,30.1,0.01,2.77E+02,2.443,1.93E+00,,pos,pos,2017-6125,6125,4/24/18 first,
Hemato,Unkn-34,38-G06,30.11,30.1,0.01,2.75E+02,2.439,1.93E+00,,pos,pos,2017-6125,6125,4/24/18 first,
Hemato,Unkn-33,31-D04,28.01,27.86,0.216,6.66E+02,2.823,1.15E+02,,pos,pos,2017-6126,6126,4/24/18 second,
Hemato,Unkn-33,31-D04,27.7,27.86,0.216,8.29E+02,2.918,1.15E+02,,pos,pos,2017-6126,6126,4/24/18 second,
Hemato,Unkn-08,37-B03,28.55,28.69,0.205,5.09E+02,2.707,6.78E+01,,pos,pos,2017-6126,6126,3/29/18 second,
Hemato,Unkn-08,37-B03,28.84,28.69,0.205,4.14E+02,2.617,6.78E+01,,pos,pos,2017-6126,6126,3/29/18 second,
Hemato,Unkn-37,30-E01,30.17,3.03E+01,0.117,1.98E+02,2.30E+00,1.55E+01,,pos,pos,2017-6127,6127,4/25/18 fourth,
Hemato,Unkn-37,30-E01,30.33,3.03E+01,0.117,1.76E+02,2.25E+00,1.55E+01,,pos,pos,2017-6127,6127,4/25/18 fourth,
Hemato,Unkn-04,38-A06,30.89,30.97,0.111,1.58E+02,2.197,1.18E+01,,pos,pos,2017-6127,6127,4/24/18 first,
Hemato,Unkn-04,38-A06,31.05,30.97,0.111,1.41E+02,2.149,1.18E+01,,pos,pos,2017-6127,6127,4/24/18 first,
Hemato,Unkn-13,32-G07,23.39,23.72,0.472,1.83E+04,4.26E+00,4.88E+03,,pos,pos,2017-6128,6128,4/27/18 2nd,
Hemato,Unkn-13,32-G07,24.05,23.72,0.472,1.14E+04,4.06E+00,4.88E+03,,pos,pos,2017-6128,6128,4/27/18 2nd,
Hemato,Unkn-04,37-A06,28.52,28.61,0.125,7.40E+02,2.869,5.98E+01,,pos,pos,2017-6128,6128,3/29/18 1st,
Hemato,Unkn-04,37-A06,28.7,28.61,0.125,6.55E+02,2.816,5.98E+01,,pos,pos,2017-6128,6128,3/29/18 1st,
Hemato,Unkn-40,31-B06,26.33,26.18,0.217,3.00E+03,3.48E+00,5.15E+02,,pos,pos,2017-6129,6129,4/25/18 fourth,
Hemato,Unkn-40,31-B06,26.03,2.62E+01,0.217,3.73E+03,3.57E+00,5.15E+02,,pos,pos,2017-6129,6129,4/25/18 fourth,
Hemato,Unkn-11,37-C01,24.97,25.11,0.199,8.52E+03,3.93,1.06E+03,,pos,pos,2017-6129,6129,3/29/18 1st,
Hemato,Unkn-11,37-C01,25.25,25.11,0.199,7.02E+03,3.846,1.06E+03,,pos,pos,2017-6129,6129,3/29/18 1st,
Hemato,,30-B03,,,,,,,,,NEG,2017-6130,6130,,
,Unkn-10,38-B06,32.14,32.11,0.043,1.86E+02,2.27E+00,5.52E+00,,pos,pos,2017-6130,6130,3/27/18 third,
,Unkn-10,38-B06,32.08,32.11,0.043,1.94E+02,2.29E+00,5.52E+00,,pos,pos,2017-6130,6130,3/27/18 third,
Hemato,Unkn-09,38-B06,30.87,30.88,0.018,1.61E+02,2.206,2.08E+00,,pos,pos,2017-6130,6130,4/24/18 first,
Hemato,Unkn-09,38-B06,30.89,30.88,0.018,1.58E+02,2.198,2.08E+00,,pos,pos,2017-6130,6130,4/24/18 first,
Hemato,Unkn-26,30-F04,N/A,0,0.000,0,N/A,0.00E+00,,neg,neg,2017-6131,6131,4/27/18 2nd,
Hemato,Unkn-26,30-F04,34.09,34.09,0.000,9.25E+00,9.66E-01,0.00E+00,,pos,pos,2017-6131,6131,4/27/18 2nd,
Hemato,Unkn-15,38-C07,30.26,30.28,0.026,2.47E+02,2.393,4.53E+00,,pos,pos,2017-6131,6131,4/24/18 first,
Hemato,Unkn-15,38-C07,30.29,30.28,0.026,2.41E+02,2.382,4.53E+00,,pos,pos,2017-6131,6131,4/24/18 first,
Hemato,Unkn-11,31-G06,37.35,37.35,0,1.92E+00,0.282,0.00E+00,,neg,neg,2017-6132,6132,4/25/18 first,
Hemato,Unkn-11,31-G06,N/A,0,0,0,N/A,0.00E+00,,neg,neg,2017-6132,6132,4/25/18 first,
Hemato,Unkn-01,37-F01,30.63,30.45,0.257,1.02E+02,2.009,2.15E+01,,pos,pos,2017-6132,6132,4/24/18 second,
Hemato,Unkn-01,37-F01,30.26,30.45,0.257,1.32E+02,2.122,2.15E+01,,pos,pos,2017-6132,6132,4/24/18 second,
Hemato,Unkn-02,30-B07,38.02,3.79E+01,0.179,7.58E-01,-1.20E-01,1.05E-01,,neg,neg,2017-6133,6133,4/25/18 fourth,
Hemato,Unkn-02,30-B07,37.76,3.79E+01,0.179,9.07E-01,-4.20E-02,1.05E-01,,neg,neg,2017-6133,6133,4/25/18 fourth,
Hemato,Unkn-31,37-B05,29.58,29.62,0.054,2.16E+02,2.335,8.13E+00,,pos,pos,2017-6133,6133,4/24/18 second,
Hemato,Unkn-31,37-B05,29.66,29.62,0.054,2.05E+02,2.311,8.13E+00,,pos,pos,2017-6133,6133,4/24/18 second,
Hemato,Unkn-05,31-A07,30.42,3.04E+01,0.053,1.65E+02,2.22E+00,6.43E+00,,pos,pos,2017-6134,6134,4/25/18 fourth,
Hemato,Unkn-05,31-A07,30.35,3.04E+01,0.053,1.74E+02,2.24E+00,6.43E+00,,pos,pos,2017-6134,6134,4/25/18 fourth,
Hemato,Unkn-34,38-G01,30.43,30.55,0.162,1.32E+02,2.119,1.41E+01,,pos,pos,2017-6134,6134,3/29/18 second,
Hemato,Unkn-34,38-G01,30.66,30.55,0.162,1.12E+02,2.048,1.41E+01,,pos,pos,2017-6134,6134,3/29/18 second,
Hemato,Unkn-12,32-G04,36.19,36.19,0,9.79E-01,-0.009,0.00E+00,,neg,neg,2017-6135,6135,4/25/18 second,
Hemato,Unkn-12,32-G04,N/A,0,0,0,N/A,0.00E+00,,neg,neg,2017-6135,6135,4/25/18 second,
Hemato,Unkn-13,38-C05,30.32,30.36,0.058,2.36E+02,2.374,9.44E+00,,pos,pos,2017-6135,6135,4/24/18 first,
Hemato,Unkn-13,38-C05,30.4,30.36,0.058,2.23E+02,2.348,9.44E+00,,pos,pos,2017-6135,6135,4/24/18 first,
Hemato,Unkn-06,31-G02,N/A,0,0,0,N/A,0.00E+00,,neg,neg,2017-6136,6136,4/25/18 first,
Hemato,Unkn-06,31-G02,37.07,37.07,0,2.32E+00,0.365,0.00E+00,,neg,neg,2017-6136,6136,4/25/18 first,
Hemato,Unkn-08,38-B05,30.39,30.43,0.055,2.26E+02,2.353,8.65E+00,,pos,pos,2017-6136,6136,4/24/18 first,
Hemato,Unkn-08,38-B05,30.47,30.43,0.055,2.13E+02,2.329,8.65E+00,,pos,pos,2017-6136,6136,4/24/18 first,
Hemato,Unkn-25,31-A11,30.44,3.04E+01,0.045,1.64E+02,2.21E+00,5.39E+00,,pos,pos,2017-6137,6137,4/25/18 fourth,
Hemato,Unkn-25,31-A11,30.37,3.04E+01,0.045,1.71E+02,2.23E+00,5.39E+00,,pos,pos,2017-6137,6137,4/25/18 fourth,
,Unkn-20,38-D06,30.42,30.28,0.196,6.00E+02,2.78E+00,8.79E+01,,pos,pos,2017-6137,6137,3/27/18 third,
,Unkn-20,38-D06,30.14,30.28,0.196,7.25E+02,2.86E+00,8.79E+01,,pos,pos,2017-6137,6137,3/27/18 third,
Hemato,Unkn-19,38-D06,28.53,28.68,0.216,8.45E+02,2.927,1.17E+02,,pos,pos,2017-6137,6137,4/24/18 first,
Hemato,Unkn-19,38-D06,28.84,28.68,0.216,6.80E+02,2.832,1.17E+02,,pos,pos,2017-6137,6137,4/24/18 first,
Hemato,Unkn-40,31-F02,33.2,33.3,0.152,1.69E+01,1.228,1.69E+00,,pos,pos,2017-6138,6138,4/25/18 third,
Hemato,Unkn-40,31-F02,33.41,33.3,0.152,1.45E+01,1.162,1.69E+00,,pos,pos,2017-6138,6138,4/25/18 third,
Hemato,Unkn-30,37-F07,31.82,32,0.256,7.69E+01,1.886,1.20E+01,,pos,pos,2017-6138,6138,3/29/18 1st,
Hemato,Unkn-30,37-F07,32.18,32,0.256,5.99E+01,1.778,1.20E+01,,pos,pos,2017-6138,6138,3/29/18 1st,
Hemato,,32-B08,,,,,,,,,pos 4 rep ,2017-6139,6139,,out of DNA
Hemato,Unkn-18,38-D05,31.21,31.25,0.061,1.26E+02,2.101,5.26E+00,,pos,pos,2017-6139,6139,4/24/18 first,
Hemato,Unkn-18,38-D05,31.29,31.25,0.061,1.19E+02,2.074,5.26E+00,,pos,pos,2017-6139,6139,4/24/18 first,
Hemato,Unkn-30,34-H01,34.59,34.36,0.332,6.47E+00,8.11E-01,1.81E+00,,pos,pos,2017-6140,6140,4/27/18 2nd,
Hemato,Unkn-30,34-H01,34.12,34.36,0.332,9.02E+00,9.55E-01,1.81E+00,,pos,pos,2017-6140,6140,4/27/18 2nd,
Hemato,Unkn-22,37-E04,31.21,31.29,0.117,1.17E+02,2.067,8.87E+00,,pos,pos,2017-6140,6140,3/29/18 1st,
Hemato,Unkn-22,37-E04,31.38,31.29,0.117,1.04E+02,2.017,8.87E+00,,pos,pos,2017-6140,6140,3/29/18 1st,
Hemato,Unkn-27,32-G08,23.07,23.22,0.215,1.46E+04,4.163,2.06E+03,,pos,pos,2017-6141,6141,4/25/18 second,
Hemato,Unkn-27,32-G08,23.37,23.22,0.215,1.17E+04,4.067,2.06E+03,,pos,pos,2017-6141,6141,4/25/18 second,
Hemato,Unkn-20,37-D07,29.24,29.32,0.12,4.52E+02,2.655,3.51E+01,,pos,pos,2017-6141,6141,3/29/18 1st,
Hemato,Unkn-20,37-D07,29.41,29.32,0.12,4.03E+02,2.605,3.51E+01,,pos,pos,2017-6141,6141,3/29/18 1st,
Hemato,Unkn-12,31-H10,26.51,26.54,0.036,3.41E+03,3.533,8.27E+01,,pos,pos,2017-6142,6142,4/25/18 first,
Hemato,Unkn-12,31-H10,26.56,26.54,0.036,3.30E+03,3.518,8.27E+01,,pos,pos,2017-6142,6142,4/25/18 first,
Hemato,Unkn-40,38-H02,27.02,26.77,0.364,1.52E+03,3.183,4.81E+02,,pos,pos,2017-6142,6142,3/29/18 second,
Hemato,Unkn-40,38-H02,26.51,26.77,0.364,2.20E+03,3.343,4.81E+02,,pos,pos,2017-6142,6142,3/29/18 second,
Hemato,Unkn-20,34-F02,37.6,37.6,0.000,7.64E-01,-1.17E-01,0.00E+00,,neg,neg,2017-6143,6143,4/27/18 2nd,
Hemato,Unkn-20,34-F02,N/A,0,0.000,0,N/A,0.00E+00,,neg,neg,2017-6143,6143,4/27/18 2nd,
,Unkn-27,38-F03,31.64,31.58,0.080,2.61E+02,2.42E+00,1.48E+01,,pos,pos,2017-6143,6143,3/27/18 third,
,Unkn-27,38-F03,31.53,31.58,0.080,2.82E+02,2.45E+00,1.48E+01,,pos,pos,2017-6143,6143,3/27/18 third,
Hemato,Unkn-26,38-F03,30.49,30.54,0.075,2.10E+02,2.322,1.08E+01,,pos,pos,2017-6143,6143,4/24/18 first,
Hemato,Unkn-26,38-F03,30.59,30.54,0.075,1.95E+02,2.29,1.08E+01,,pos,pos,2017-6143,6143,4/24/18 first,
Hemato,Unkn-38,30-F12,28.71,2.89E+01,0.294,5.56E+02,2.75E+00,1.00E+02,,pos,pos,2017-6144,6144,4/25/18 fourth,
Hemato,Unkn-38,30-F12,29.13,2.89E+01,0.294,4.14E+02,2.62E+00,1.00E+02,,pos,pos,2017-6144,6144,4/25/18 fourth,
,Unkn-12,38-C03,29.16,29.17,0.006,1.41E+03,3.15E+00,5.65E+00,,pos,pos,2017-6144,6144,3/27/18 third,
,Unkn-12,38-C03,29.17,29.17,0.006,1.40E+03,3.15E+00,5.65E+00,,pos,pos,2017-6144,6144,3/27/18 third,
Hemato,Unkn-11,38-C03,27.88,27.91,0.054,1.35E+03,3.129,5.06E+01,,pos,pos,2017-6144,6144,4/24/18 first,
Hemato,Unkn-11,38-C03,27.95,27.91,0.054,1.27E+03,3.105,5.06E+01,,pos,pos,2017-6144,6144,4/24/18 first,
Hemato,Unkn-28,31-D02,31.48,31.66,0.257,5.55E+01,1.744,9.01E+00,,pos,pos,2017-6145,6145,4/24/18 second,
Hemato,Unkn-28,31-D02,31.84,31.66,0.257,4.28E+01,1.631,9.01E+00,,pos,pos,2017-6145,6145,4/24/18 second,
Hemato,Unkn-05,38-A07,30.31,30.35,0.051,2.39E+02,2.378,8.46E+00,,pos,pos,2017-6145,6145,4/24/18 first,
Hemato,Unkn-05,38-A07,30.38,30.35,0.051,2.27E+02,2.355,8.46E+00,,pos,pos,2017-6145,6145,4/24/18 first,
Hemato,Unkn-32,30-D12,N/A,0.00E+00,0.000,0,N/A,0.00E+00,,neg,neg,2017-6146,6146,4/25/18 fourth,
Hemato,Unkn-32,30-D12,N/A,0.00E+00,0.000,0,N/A,0.00E+00,,neg,neg,2017-6146,6146,4/25/18 fourth,
,Unkn-30,38-F06,30.25,30.21,0.050,6.72E+02,2.83E+00,2.35E+01,,pos,pos,2017-6146,6146,3/27/18 third,
,Unkn-30,38-F06,30.18,30.21,0.050,7.05E+02,2.85E+00,2.35E+01,,pos,pos,2017-6146,6146,3/27/18 third,
Hemato,Unkn-29,38-F06,28.67,28.67,0.004,7.65E+02,2.883,2.30E+00,,pos,pos,2017-6146,6146,4/24/18 first,
Hemato,Unkn-29,38-F06,28.68,28.67,0.004,7.61E+02,2.882,2.30E+00,,pos,pos,2017-6146,6146,4/24/18 first,
Hemato,Unkn-38,32-B09,35.73,35.41,0.463,5.83E+00,0.766,2.36E+00,,pos,pos,2017-6147,6147,4/25/18 first,
Hemato,Unkn-38,32-B09,35.08,35.41,0.463,9.17E+00,0.962,2.36E+00,,pos,pos,2017-6147,6147,4/25/18 first,
Hemato,Unkn-23,37-E03,29.04,28.83,0.29,3.59E+02,2.555,8.68E+01,,pos,pos,2017-6147,6147,3/29/18 second,
Hemato,Unkn-23,37-E03,28.63,28.83,0.29,4.82E+02,2.683,8.68E+01,,pos,pos,2017-6147,6147,3/29/18 second,
Hemato,Unkn-30,31-B02,28.27,2.82E+01,0.039,7.60E+02,2.88E+00,2.14E+01,,pos,pos,2017-6148,6148,4/25/18 fourth,
Hemato,Unkn-30,31-B02,28.21,2.82E+01,0.039,7.90E+02,2.90E+00,2.14E+01,,pos,pos,2017-6148,6148,4/25/18 fourth,
Hemato,Unkn-21,37-E01,30.01,30.12,0.155,2.66E+02,2.425,2.62E+01,,pos,pos,2017-6148,6148,3/29/18 1st,
Hemato,Unkn-21,37-E01,30.23,30.12,0.155,2.29E+02,2.359,2.62E+01,,pos,pos,2017-6148,6148,3/29/18 1st,
Hemato,Unkn-29,31-E03,20.67,20.68,0.014,1.28E+05,5.107,1.25E+03,,pos,pos,2017-6149,6149,4/24/18 second,
Hemato,Unkn-29,31-E03,20.69,20.68,0.014,1.26E+05,5.101,1.25E+03,,pos,pos,2017-6149,6149,4/24/18 second,
Hemato,Unkn-23,37-E05,25.47,25.74,0.381,6.04E+03,3.781,1.32E+03,,pos,pos,2017-6149,6149,3/29/18 1st,
Hemato,Unkn-23,37-E05,26.01,25.74,0.381,4.17E+03,3.62,1.32E+03,,pos,pos,2017-6149,6149,3/29/18 1st,
Hemato,Unkn-20,32-D06,N/A,0,0,0,N/A,0.00E+00,,neg,neg,2017-6150,6150,4/25/18 first,
Hemato,Unkn-20,32-D06,38.34,38.34,0,9.62E-01,-0.017,0.00E+00,,neg,neg,2017-6150,6150,4/25/18 first,
Hemato,Unkn-35,38-G07,32.09,32.16,0.108,6.74E+01,1.829,4.91E+00,,pos,pos,2017-6150,6150,4/24/18 first,
Hemato,Unkn-35,38-G07,32.24,32.16,0.108,6.05E+01,1.782,4.91E+00,,pos,pos,2017-6150,6150,4/24/18 first,
Hemato,Unkn-22,38-G07,23.01,23.09,0.125,1.52E+04,4.183,1.30E+03,,pos,pos,2017-6150,6150,4/25/18 second,
Hemato,Unkn-22,38-G07,23.18,23.09,0.125,1.34E+04,4.127,1.30E+03,,pos,pos,2017-6150,6150,4/25/18 second,
Hemato,Unkn-24,34-G01,32.23,32.55,0.454,3.35E+01,1.525,8.68E+00,,pos,pos,2017-6151,6151,4/25/18 third,
Hemato,Unkn-24,34-G01,32.87,32.55,0.454,2.13E+01,1.327,8.68E+00,,pos,pos,2017-6151,6151,4/25/18 third,
Hemato,Unkn-35,37-G07,28.69,28.8,0.156,6.61E+02,2.82,6.59E+01,,pos,pos,2017-6151,6151,3/29/18 1st,
Hemato,Unkn-35,37-G07,28.91,28.8,0.156,5.68E+02,2.754,6.59E+01,,pos,pos,2017-6151,6151,3/29/18 1st,
Hemato,Unkn-16,30-B04,37.42,37.41,0.017,8.70E-01,-6.10E-02,1.08E-02,,neg,neg,2017-6152,6152,4/27/18 2nd,
Hemato,Unkn-16,30-B04,37.39,37.41,0.017,8.85E-01,-5.30E-02,1.08E-02,,neg,neg,2017-6152,6152,4/27/18 2nd,
Hemato,Unkn-05,38-A02,28.28,28.39,0.169,6.20E+02,2.793,6.93E+01,,pos,pos,2017-6152,6152,3/29/18 second,
Hemato,Unkn-05,38-A02,28.51,28.39,0.169,5.22E+02,2.718,6.93E+01,,pos,pos,2017-6152,6152,3/29/18 second,
Hemato,Unkn-33,30-F11,30.85,3.11E+01,0.383,1.22E+02,2.09E+00,2.76E+01,,pos,pos,2017-6153,6153,4/25/18 fourth,
Hemato,Unkn-33,30-F11,31.39,3.11E+01,0.383,8.34E+01,1.92E+00,2.76E+01,,pos,pos,2017-6153,6153,4/25/18 fourth,
Hemato,Unkn-16,37-D01,32.08,32.3,0.304,6.41E+01,1.807,1.16E+01,,pos,pos,2017-6153,6153,3/29/18 1st,
Hemato,Unkn-16,37-D01,32.51,32.3,0.304,4.77E+01,1.678,1.16E+01,,pos,pos,2017-6153,6153,3/29/18 1st,
Hemato,Unkn-37,31-B07,36.51,36.55,0.053,1.51E+00,0.179,5.61E-02,,neg,neg,2017-6154,6154,4/24/18 second,
Hemato,Unkn-37,31-B07,36.59,36.55,0.053,1.43E+00,0.155,5.61E-02,,neg,neg,2017-6154,6154,4/24/18 second,
Hemato,Unkn-18,37-D05,31.35,31.52,0.251,1.06E+02,2.027,1.63E+01,,pos,pos,2017-6154,6154,3/29/18 1st,
Hemato,Unkn-18,37-D05,31.7,31.52,0.251,8.34E+01,1.921,1.63E+01,,pos,pos,2017-6154,6154,3/29/18 1st,
Hemato,Unkn-09,31-D08,30.59,30.62,0.045,1.05E+02,2.022,3.32E+00,,pos,pos,2017-6155,6155,4/24/18 second,
Hemato,Unkn-09,31-D08,30.65,30.62,0.045,1.01E+02,2.002,3.32E+00,,pos,pos,2017-6155,6155,4/24/18 second,
,Unkn-07,38-B03,28.7,29.01,0.447,1.93E+03,3.286,4.78E+02,,pos,pos,2017-6155,6155,3/27/18 third,
,Unkn-07,38-B03,29.33,29.01,0.447,1.26E+03,3.1,4.78E+02,,pos,pos,2017-6155,6155,3/27/18 third,
Hemato,Unkn-06,38-B03,28,28.06,0.094,1.23E+03,3.091,7.89E+01,,pos,pos,2017-6155,6155,4/24/18 first,
Hemato,Unkn-06,38-B03,28.13,28.06,0.094,1.12E+03,3.05,7.89E+01,,pos,pos,2017-6155,6155,4/24/18 first,
Hemato,Unkn-38,34-D02,38.85,39.09,0.34,3.07E-01,-0.513,6.27E-02,,neg,neg,2017-6156,6156,4/25/18 third,
Hemato,Unkn-38,34-D02,39.33,39.09,0.34,2.18E-01,-0.661,6.27E-02,,neg,neg,2017-6156,6156,4/25/18 third,
Hemato,Unkn-36,37-F06,28.63,28.43,0.292,4.26E+02,2.629,1.04E+02,,pos,pos,2017-6156,6156,4/24/18 second,
Hemato,Unkn-36,37-F06,28.22,28.43,0.292,5.72E+02,2.758,1.04E+02,,pos,pos,2017-6156,6156,4/24/18 second,
Hemato,Unkn-24,33-G04,37.3,37.09,0.291,9.46E-01,-2.40E-02,2.27E-01,,neg,neg,2017-6157,6157,4/27/18 2nd,
Hemato,Unkn-24,33-G04,36.89,37.09,0.291,1.27E+00,1.03E-01,2.27E-01,,neg,neg,2017-6157,6157,4/27/18 2nd,
Hemato,Unkn-33,37-G03,29.91,29.96,0.074,1.92E+02,2.284,9.82E+00,,pos,pos,2017-6157,6157,3/29/18 second,
Hemato,Unkn-33,37-G03,30.01,29.96,0.074,1.78E+02,2.251,9.82E+00,,pos,pos,2017-6157,6157,3/29/18 second,
Hemato,Unkn-34,32-C06,28.91,28.96,0.081,6.53E+02,2.815,3.52E+01,,pos,pos,2017-6158,6158,4/25/18 first,
Hemato,Unkn-34,32-C06,29.02,28.96,0.081,6.03E+02,2.78,3.52E+01,,pos,pos,2017-6158,6158,4/25/18 first,
Hemato,Unkn-07,38-B04,29.03,29.14,0.155,5.90E+02,2.771,6.01E+01,,pos,pos,2017-6158,6158,4/24/18 first,
Hemato,Unkn-07,38-B04,29.25,29.14,0.155,5.05E+02,2.704,6.01E+01,,pos,pos,2017-6158,6158,4/24/18 first,
Hemato,Unkn-18,32-H08,28.16,28.16,0.009,3.51E+02,2.546,2.22E+00,,pos,pos,2017-6159,6159,4/25/18 second,
Hemato,Unkn-18,32-H08,28.17,28.16,0.009,3.48E+02,2.542,2.22E+00,,pos,pos,2017-6159,6159,4/25/18 second,
Hemato,Unkn-20,38-D07,29.31,29.41,0.141,4.87E+02,2.687,4.54E+01,,pos,pos,2017-6159,6159,4/24/18 first,
Hemato,Unkn-20,38-D07,29.5,29.41,0.141,4.23E+02,2.626,4.54E+01,,pos,pos,2017-6159,6159,4/24/18 first,
Hemato,Unkn-34,34-G04,N/A,0,0,0,N/A,0.00E+00,,neg,neg,2017-6160,6160,4/25/18 third,
Hemato,Unkn-34,34-G04,N/A,0,0,0,N/A,0.00E+00,,neg,neg,2017-6160,6160,4/25/18 third,
Hemato,Unkn-07,37-B04,32.22,32.23,0.02,5.85E+01,1.767,7.83E-01,,pos,pos,2017-6160,6160,3/29/18 1st,
Hemato,Unkn-07,37-B04,32.24,32.23,0.02,5.74E+01,1.759,7.83E-01,,pos,pos,2017-6160,6160,3/29/18 1st,
Hemato,Unkn-20,31-A10,N/A,0.00E+00,0.000,0,N/A,0.00E+00,,neg,neg,2017-6161,6161,4/25/18 fourth,
Hemato,Unkn-20,31-A10,39.21,3.92E+01,0.000,3.26E-01,-4.87E-01,0.00E+00,,neg,neg,2017-6161,6161,4/25/18 fourth,
Hemato,Unkn-40,38-H07,30.54,30.57,0.039,2.02E+02,2.306,5.43E+00,,pos,pos,2017-6161,6161,4/24/18 first,
Hemato,Unkn-40,38-H07,30.6,30.57,0.039,1.95E+02,2.289,5.43E+00,,pos,pos,2017-6161,6161,4/24/18 first,
Hemato,Unkn-35,31-B04,28.58,2.86E+01,0.005,6.11E+02,2.79E+00,1.98E+00,,pos,pos,2017-6162,6162,4/25/18 fourth,
Hemato,Unkn-35,31-B04,28.57,2.86E+01,0.005,6.14E+02,2.79E+00,1.98E+00,,pos,pos,2017-6162,6162,4/25/18 fourth,
Hemato,Unkn-31,37-G01,27.82,27.89,0.102,1.20E+03,3.08,8.04E+01,,pos,pos,2017-6162,6162,3/29/18 1st,
Hemato,Unkn-31,37-G01,27.96,27.89,0.102,1.09E+03,3.037,8.04E+01,,pos,pos,2017-6162,6162,3/29/18 1st,
Hemato,Unkn-35,32-E03,32.04,31.7,0.479,7.49E+01,1.874,3.16E+01,,pos,pos,2017-6163,6163,4/25/18 first,
Hemato,Unkn-35,32-E03,31.36,31.7,0.479,1.20E+02,2.077,3.16E+01,,pos,pos,2017-6163,6163,4/25/18 first,
Hemato,Unkn-38,37-H03,29.84,29.96,0.171,2.01E+02,2.303,2.26E+01,,pos,pos,2017-6163,6163,3/29/18 second,
Hemato,Unkn-38,37-H03,30.09,29.96,0.171,1.69E+02,2.228,2.26E+01,,pos,pos,2017-6163,6163,3/29/18 second,
Hemato,Unkn-25,31-D01,29.6,29.42,0.259,2.16E+02,2.335,4.55E+01,,pos,pos,2017-6164,6164,4/25/18 third,
Hemato,Unkn-25,31-D01,29.23,29.42,0.259,2.81E+02,2.448,4.55E+01,,pos,pos,2017-6164,6164,4/25/18 third,
Hemato,Unkn-07,38-B01,27.04,26.86,0.261,1.33E+03,3.124,2.84E+02,,pos,pos,2017-6164,6164,4/24/18 second,
Hemato,Unkn-07,38-B01,26.68,26.86,0.261,1.73E+03,3.238,2.84E+02,,pos,pos,2017-6164,6164,4/24/18 second,
Hemato,Unkn-38,31-D05,34.77,34.99,0.31,5.27E+00,0.722,1.01E+00,,pos,pos,2017-6165,6165,4/24/18 second,
Hemato,Unkn-38,31-D05,35.2,34.99,0.31,3.85E+00,0.585,1.01E+00,,neg,pos,2017-6165,6165,4/24/18 second,
,Unkn-11,38-C02,32.9,33.16,0.373,1.11E+02,2.045,2.36E+01,,pos,pos,2017-6165,6165,3/27/18 third,
,Unkn-11,38-C02,33.43,33.16,0.373,7.75E+01,1.89,2.36E+01,,pos,pos,2017-6165,6165,3/27/18 third,
Hemato,Unkn-17,38-C02,31.44,31.56,0.166,5.69E+01,1.755,6.24E+00,,pos,pos,2017-6165,6165,4/24/18 second,
Hemato,Unkn-17,38-C02,31.68,31.56,0.166,4.81E+01,1.682,6.24E+00,,pos,pos,2017-6165,6165,4/24/18 second,
Hemato,Unkn-14,34-F03,N/A,0,0,0,N/A,0.00E+00,,neg,neg,2017-6166,6166,4/25/18 third,
Hemato,Unkn-14,34-F03,39.37,39.37,0,2.12E-01,-0.674,0.00E+00,,neg,neg,2017-6166,6166,4/25/18 third,
Hemato,Unkn-38,38-H05,30.19,30.23,0.062,2.60E+02,2.415,1.11E+01,,pos,pos,2017-6166,6166,4/24/18 first,
Hemato,Unkn-38,38-H05,30.28,30.23,0.062,2.44E+02,2.387,1.11E+01,,pos,pos,2017-6166,6166,4/24/18 first,
Hemato,Unkn-01,30-A06,29.4,29.34,0.090,2.56E+02,2.41E+00,1.71E+01,,pos,pos,2017-6167,6167,4/27/18 2nd,
Hemato,Unkn-01,30-A06,29.28,29.34,0.090,2.81E+02,2.45E+00,1.71E+01,,pos,pos,2017-6167,6167,4/27/18 2nd,
Hemato,Unkn-27,37-F02,28.14,28.18,0.065,6.86E+02,2.836,3.11E+01,,pos,pos,2017-6167,6167,3/29/18 second,
Hemato,Unkn-27,37-F02,28.23,28.18,0.065,6.42E+02,2.807,3.11E+01,,pos,pos,2017-6167,6167,3/29/18 second,
Hemato,Unkn-25,32-D09,35.17,34.9,0.377,8.60E+00,0.935,2.71E+00,,pos,pos,2017-6168,6168,4/25/18 first,
Hemato,Unkn-25,32-D09,34.64,34.9,0.377,1.24E+01,1.095,2.71E+00,,pos,pos,2017-6168,6168,4/25/18 first,
Hemato,Unkn-39,38-H01,30.06,29.82,0.337,1.72E+02,2.235,4.95E+01,,pos,pos,2017-6168,6168,3/29/18 second,
Hemato,Unkn-39,38-H01,29.59,29.82,0.337,2.42E+02,2.384,4.95E+01,,pos,pos,2017-6168,6168,3/29/18 second,
Hemato,Unkn-04,31-D06,32.74,32.61,0.189,2.24E+01,1.35,3.33E+00,,pos,pos,2017-6169,6169,4/24/18 second,
Hemato,Unkn-04,31-D06,32.48,32.61,0.189,2.71E+01,1.433,3.33E+00,,pos,pos,2017-6169,6169,4/24/18 second,
Hemato,Unkn-22,38-E04,28.85,28.91,0.085,6.71E+02,2.827,3.89E+01,,pos,pos,2017-6169,6169,4/24/18 first,
Hemato,Unkn-22,38-E04,28.98,28.91,0.085,6.16E+02,2.789,3.89E+01,,pos,pos,2017-6169,6169,4/24/18 first,
Hemato,Unkn-10,31-E10,28.08,27.86,0.303,6.35E+02,2.803,1.61E+02,,pos,pos,2017-6170,6170,4/24/18 second,
Hemato,Unkn-10,31-E10,27.65,27.86,0.303,8.63E+02,2.936,1.61E+02,,pos,pos,2017-6170,6170,4/24/18 second,
Hemato,Unkn-27,38-D08,28.24,28.24,0.001,5.64E+02,2.752,3.95E-01,,pos,pos,2017-6170,6170,4/24/18 second,
Hemato,Unkn-27,38-D08,28.24,28.24,0.001,5.64E+02,2.751,3.95E-01,,pos,pos,2017-6170,6170,4/24/18 second,
Hemato,Unkn-40,32-E04,18.72,18.69,0.045,7.44E+05,5.872,2.38E+04,,pos,pos,2017-6171,6171,4/25/18 first,
Hemato,Unkn-40,32-E04,18.65,18.69,0.045,7.78E+05,5.891,2.38E+04,,pos,pos,2017-6171,6171,4/25/18 first,
Hemato,Unkn-21,37-C04,34.93,34.65,0.395,4.69E+00,0.671,1.63E+00,,pos,pos,2017-6171,6171,4/24/18 second,
Hemato,Unkn-21,37-C04,34.37,34.65,0.395,6.99E+00,0.845,1.63E+00,,pos,pos,2017-6171,6171,4/24/18 second,
Hemato,Unkn-39,31-E06,29.76,29.56,0.274,1.90E+02,2.28,4.31E+01,,pos,pos,2017-6172,6172,4/24/18 second,
Hemato,Unkn-39,31-E06,29.37,29.56,0.274,2.51E+02,2.4,4.31E+01,,pos,pos,2017-6172,6172,4/24/18 second,
Hemato,Unkn-32,38-E08,30.48,30.57,0.125,1.13E+02,2.054,9.52E+00,,pos,pos,2017-6172,6172,4/24/18 second,
Hemato,Unkn-32,38-E08,30.66,30.57,0.125,9.99E+01,2,9.52E+00,,pos,pos,2017-6172,6172,4/24/18 second,
Hemato,Unkn-24,31-E02,29.07,28.97,0.138,3.12E+02,2.494,3.31E+01,,pos,pos,2017-6173,6173,4/24/18 second,
Hemato,Unkn-24,31-E02,28.87,28.97,0.138,3.59E+02,2.555,3.31E+01,,pos,pos,2017-6173,6173,4/24/18 second,
Hemato,Unkn-18,37-D03,27.42,27.22,0.285,1.15E+03,3.059,2.71E+02,,pos,pos,2017-6173,6173,3/29/18 second,
Hemato,Unkn-18,37-D03,27.02,27.22,0.285,1.53E+03,3.184,2.71E+02,,pos,pos,2017-6173,6173,3/29/18 second,
Hemato,Unkn-27,30-D08,30.01,30.1,0.138,2.22E+02,2.35E+00,2.03E+01,,pos,pos,2017-6174,6174,4/25/18 fourth,
Hemato,Unkn-27,30-D08,30.2,30.1,0.138,1.93E+02,2.29E+00,2.03E+01,,pos,pos,2017-6174,6174,4/25/18 fourth,
Hemato,Unkn-03,37-A05,30.76,30.78,0.032,1.59E+02,2.202,3.43E+00,,pos,pos,2017-6174,6174,3/29/18 1st,
Hemato,Unkn-03,37-A05,30.8,30.78,0.032,1.55E+02,2.189,3.43E+00,,pos,pos,2017-6174,6174,3/29/18 1st,
Hemato,,31-G08,,,,,,,,,pos 6 rep ,2017-6175,6175,,
Hemato,Unkn-34,37-G06,28.12,28.22,0.148,9.76E+02,2.989,9.22E+01,,pos,pos,2017-6175,6175,3/29/18 1st,
Hemato,Unkn-34,37-G06,28.33,28.22,0.148,8.46E+02,2.927,9.22E+01,,pos,pos,2017-6175,6175,3/29/18 1st,
Hemato,Unkn-36,30-B06,37.25,3.73E+01,0.000,1.31E+00,1.16E-01,0.00E+00,,neg,neg,2017-6176,6176,4/25/18 fourth,
Hemato,Unkn-36,30-B06,N/A,0.00E+00,0.000,0,N/A,0.00E+00,,neg,neg,2017-6176,6176,4/25/18 fourth,
Hemato,Unkn-03,38-A05,31.27,31.41,0.204,1.21E+02,2.081,1.58E+01,,pos,pos,2017-6176,6176,4/24/18 first,
Hemato,Unkn-03,38-A05,31.56,31.41,0.204,9.81E+01,1.992,1.58E+01,,pos,pos,2017-6176,6176,4/24/18 first,
Hemato,Unkn-07,31-H08,29.7,29.89,0.271,3.78E+02,2.577,6.22E+01,,pos,pos,2017-6177,6177,4/25/18 first,
Hemato,Unkn-07,31-H08,30.08,29.89,0.271,2.90E+02,2.462,6.22E+01,,pos,pos,2017-6177,6177,4/25/18 first,
Hemato,Unkn-06,37-B08,28.85,28.6,0.348,4.11E+02,2.614,1.23E+02,,pos,pos,2017-6177,6177,3/29/18 second,
Hemato,Unkn-06,37-B08,28.36,28.6,0.348,5.86E+02,2.767,1.23E+02,,pos,pos,2017-6177,6177,3/29/18 second,
Hemato,Unkn-32,32-A05,33.36,32.56,1.127,1.34E+01,1.127,1.97E+01,,pos,pos,2017-6178,6178,4/24/18 third,poor run but out of DNA
Hemato,Unkn-32,32-A05,31.77,32.56,1.127,4.13E+01,1.616,1.97E+01,,pos,pos,2017-6178,6178,4/24/18 third,poor run but out of DNA
Hemato,Unkn-07,37-B02,27.64,27.99,0.485,9.76E+02,2.989,2.68E+02,,pos,pos,2017-6178,6178,3/29/18 second,
Hemato,Unkn-07,37-B02,28.33,27.99,0.485,5.97E+02,2.776,2.68E+02,,pos,pos,2017-6178,6178,3/29/18 second,
Hemato,Unkn-06,37-B02,28.41,28.4,0.017,5.00E+02,2.699,5.96E+00,,pos,pos,2017-6178,6178,4/24/18 second,
Hemato,Unkn-06,37-B02,28.39,28.4,0.017,5.09E+02,2.706,5.96E+00,,pos,pos,2017-6178,6178,4/24/18 second,
Hemato,Unkn-23,30-F07,39.81,3.98E+01,0.000,2.13E-01,-6.72E-01,0.00E+00,,neg,neg,2017-6179,6179,4/25/18 fourth,
Hemato,Unkn-23,30-F07,N/A,0.00E+00,0.000,0,N/A,0.00E+00,,neg,neg,2017-6179,6179,4/25/18 fourth,
Hemato,Unkn-36,38-C08,31.76,31.86,0.144,5.07E+01,1.705,4.88E+00,,pos,pos,2017-6179,6179,3/29/18 second,
Hemato,Unkn-36,38-C08,31.97,31.86,0.144,4.38E+01,1.641,4.88E+00,,pos,pos,2017-6179,6179,3/29/18 second,
Hemato,Unkn-04,34-C07,37.97,37.97,0.000,5.89E-01,-2.30E-01,0.00E+00,,neg,neg,2017-6180,6180,4/27/18 2nd,
Hemato,Unkn-04,34-C07,N/A,0,0.000,0,N/A,0.00E+00,,neg,neg,2017-6180,6180,4/27/18 2nd,
Hemato,Unkn-06,37-B01,30.94,31.07,0.184,1.41E+02,2.149,1.63E+01,,pos,pos,2017-6180,6180,3/29/18 1st,
Hemato,Unkn-06,37-B01,31.2,31.07,0.184,1.18E+02,2.071,1.63E+01,,pos,pos,2017-6180,6180,3/29/18 1st,
Hemato,Unkn-04,33-B07,36.8,36.47,0.467,6.29E-01,-0.201,2.77E-01,,neg,neg,2017-6181,6181,4/25/18 second,
Hemato,Unkn-04,33-B07,36.14,36.47,0.467,1.02E+00,0.009,2.77E-01,,neg,neg,2017-6181,6181,4/25/18 second,
,Unkn-16,38-D02,32.58,32.8,0.316,1.38E+02,2.14E+00,2.56E+01,,pos,pos,2017-6181,6181,3/27/18 third,
,Unkn-16,38-D02,33.02,32.8,0.316,1.02E+02,2.01E+00,2.56E+01,,pos,pos,2017-6181,6181,3/27/18 third,
Hemato,Unkn-20,38-D02,30.34,30.29,0.06,1.41E+02,2.15,6.32E+00,,pos,pos,2017-6181,6181,3/29/18 second,
Hemato,Unkn-20,38-D02,30.25,30.29,0.06,1.50E+02,2.176,6.32E+00,,pos,pos,2017-6181,6181,3/29/18 second,
Hemato,Unkn-18,34-B05,23.6,23.66,0.094,1.53E+04,4.185,9.72E+02,,pos,pos,2017-6182,6182,4/25/18 third,
Hemato,Unkn-18,34-B05,23.73,23.66,0.094,1.39E+04,4.144,9.72E+02,,pos,pos,2017-6182,6182,4/25/18 third,
Hemato,Unkn-12,38-D01,30.32,30.17,0.217,1.27E+02,2.104,2.21E+01,,pos,pos,2017-6182,6182,4/24/18 second,
Hemato,Unkn-12,38-D01,30.02,30.17,0.217,1.58E+02,2.199,2.21E+01,,pos,pos,2017-6182,6182,4/24/18 second,
Hemato,Unkn-28,34-C06,25.94,26.02,0.113,2.91E+03,3.463,2.21E+02,,pos,pos,2017-6183,6183,4/25/18 third,
Hemato,Unkn-28,34-C06,26.1,26.02,0.113,2.59E+03,3.414,2.21E+02,,pos,pos,2017-6183,6183,4/25/18 third,
Hemato,Unkn-18,34-C06,26.27,26.32,0.068,2.36E+03,3.37E+00,1.10E+02,,pos,pos,2017-6183,6183,4/27/18 2nd,
Hemato,Unkn-18,34-C06,26.37,26.32,0.068,2.20E+03,3.34E+00,1.10E+02,,pos,pos,2017-6183,6183,4/27/18 2nd,
Hemato,Unkn-23,38-E05,29.91,29.93,0.023,3.17E+02,2.501,5.16E+00,,pos,pos,2017-6183,6183,4/24/18 first,
Hemato,Unkn-23,38-E05,29.94,29.93,0.023,3.10E+02,2.491,5.16E+00,,pos,pos,2017-6183,6183,4/24/18 first,
Hemato,Unkn-10,34-H06,29.53,29.47,0.088,2.28E+02,2.357,1.49E+01,,pos,pos,2017-6184,6184,4/25/18 third,
Hemato,Unkn-10,34-H06,29.41,29.47,0.088,2.49E+02,2.395,1.49E+01,,pos,pos,2017-6184,6184,4/25/18 third,
Hemato,Unkn-23,34-H06,29.32,29.03,0.408,2.71E+02,2.43E+00,9.71E+01,,pos,pos,2017-6184,6184,4/27/18 2nd,
Hemato,Unkn-23,34-H06,28.75,29.03,0.408,4.08E+02,2.61E+00,9.71E+01,,pos,pos,2017-6184,6184,4/27/18 2nd,
Hemato,Unkn-26,38-A08,30.22,29.95,0.371,1.54E+02,2.187,4.97E+01,,pos,pos,2017-6184,6184,3/29/18 second,
Hemato,Unkn-26,38-A08,29.69,29.95,0.371,2.24E+02,2.35,4.97E+01,,pos,pos,2017-6184,6184,3/29/18 second,
Hemato,Unkn-02,33-G09,34.29,34.46,0.235,7.78E+00,0.891,1.16E+00,,pos,pos,2017-6185,6185,4/25/18 third,
Hemato,Unkn-02,33-G09,34.62,34.46,0.235,6.15E+00,0.789,1.16E+00,,pos,pos,2017-6185,6185,4/25/18 third,
Hemato,Unkn-27,38-F04,29.71,29.88,0.238,3.65E+02,2.562,5.48E+01,,pos,pos,2017-6185,6185,4/24/18 first,
Hemato,Unkn-27,38-F04,30.05,29.88,0.238,2.87E+02,2.458,5.48E+01,,pos,pos,2017-6185,6185,4/24/18 first,
Hemato,Unkn-03,33-F03,N/A,0,0,0,N/A,0.00E+00,,neg,neg,2017-6186,6186,4/25/18 second,
Hemato,Unkn-03,33-F03,37.84,37.84,0,2.94E-01,-0.532,0.00E+00,,neg,neg,2017-6186,6186,4/25/18 second,
Hemato,Unkn-30,38-F07,30.15,30.23,0.112,2.67E+02,2.427,2.01E+01,,pos,pos,2017-6186,6186,4/24/18 first,
Hemato,Unkn-30,38-F07,30.31,30.23,0.112,2.39E+02,2.378,2.01E+01,,pos,pos,2017-6186,6186,4/24/18 first,
Hemato,Unkn-15,33-D07,25.37,25.33,0.047,2.71E+03,3.432,9.60E+01,,pos,pos,2017-6187,6187,4/25/18 second,
Hemato,Unkn-15,33-D07,25.3,25.33,0.047,2.84E+03,3.454,9.60E+01,,pos,pos,2017-6187,6187,4/25/18 second,
Hemato,Unkn-32,37-G04,31.16,31.18,0.022,1.21E+02,2.081,1.79E+00,,pos,pos,2017-6187,6187,3/29/18 1st,
Hemato,Unkn-32,37-G04,31.19,31.18,0.022,1.18E+02,2.072,1.79E+00,,pos,pos,2017-6187,6187,3/29/18 1st,
Hemato,Unkn-35,31-F11,27.32,27.32,0.002,1.09E+03,3.038,1.81E+00,,pos,pos,2017-6188,6188,4/24/18 second,
Hemato,Unkn-35,31-F11,27.32,27.32,0.002,1.09E+03,3.037,1.81E+00,,pos,pos,2017-6188,6188,4/24/18 second,
Hemato,Unkn-14,37-C06,30.41,30.48,0.093,2.02E+02,2.305,1.23E+01,,pos,pos,2017-6188,6188,3/29/18 1st,
Hemato,Unkn-14,37-C06,30.54,30.48,0.093,1.85E+02,2.266,1.23E+01,,pos,pos,2017-6188,6188,3/29/18 1st,
Hemato,Unkn-34,33-H02,36.13,36.24,0.160,2.18E+00,3.38E-01,2.28E-01,,neg,neg,2017-6189,6189,4/27/18 2nd,
Hemato,Unkn-34,33-H02,36.35,36.24,0.160,1.85E+00,2.68E-01,2.28E-01,,neg,neg,2017-6189,6189,4/27/18 2nd,
Hemato,Unkn-28,37-F03,29.85,30.08,0.325,2.00E+02,2.301,3.98E+01,,pos,pos,2017-6189,6189,3/29/18 second,
Hemato,Unkn-28,37-F03,30.31,30.08,0.325,1.44E+02,2.158,3.98E+01,,pos,pos,2017-6189,6189,3/29/18 second,
Hemato,Unkn-28,32-H11,33.17,33.01,0.233,8.93E+00,0.951,1.72E+00,,pos,pos,2017-6190,6190,4/25/18 second,
Hemato,Unkn-28,32-H11,32.84,33.01,0.233,1.14E+01,1.055,1.72E+00,,pos,pos,2017-6190,6190,4/25/18 second,
Hemato,Unkn-25,37-E07,31.07,31.22,0.219,1.29E+02,2.109,1.74E+01,,pos,pos,2017-6190,6190,3/29/18 1st,
Hemato,Unkn-25,37-E07,31.38,31.22,0.219,1.04E+02,2.017,1.74E+01,,pos,pos,2017-6190,6190,3/29/18 1st,
Hemato,Unkn-09,33-F06,37.96,37.96,0.000,5.93E-01,-2.27E-01,0.00E+00,,neg,neg,2017-6191,6191,4/27/18 2nd,
Hemato,Unkn-09,33-F06,N/A,0,0.000,0,N/A,0.00E+00,,neg,neg,2017-6191,6191,4/27/18 2nd,
Hemato,Unkn-09,37-B06,28.85,29.01,0.222,5.89E+02,2.77,8.09E+01,,pos,pos,2017-6191,6191,3/29/18 1st,
Hemato,Unkn-09,37-B06,29.17,29.01,0.222,4.75E+02,2.677,8.09E+01,,pos,pos,2017-6191,6191,3/29/18 1st,
Hemato,Unkn-14,33-C02,28.5,28.45,0.074,2.72E+02,2.435,1.54E+01,,pos,pos,2017-6192,6192,4/25/18 second,
Hemato,Unkn-14,33-C02,28.4,28.45,0.074,2.94E+02,2.469,1.54E+01,,pos,pos,2017-6192,6192,4/25/18 second,
Hemato,Unkn-24,38-E01,26.94,26.7,0.338,1.62E+03,3.21,4.69E+02,,pos,pos,2017-6192,6192,3/29/18 second,
Hemato,Unkn-24,38-E01,26.46,26.7,0.338,2.29E+03,3.359,4.69E+02,,pos,pos,2017-6192,6192,3/29/18 second,
Hemato,Unkn-17,33-H05,29.1,29,0.143,3.09E+02,2.49,3.38E+01,,pos,pos,2017-6193,6193,4/25/18 third,
Hemato,Unkn-17,33-H05,28.9,29,0.143,3.57E+02,2.552,3.38E+01,,pos,pos,2017-6193,6193,4/25/18 third,
Hemato,Unkn-02,38-A04,29.46,29.61,0.219,4.36E+02,2.64,6.10E+01,,pos,pos,2017-6193,6193,4/24/18 first,
Hemato,Unkn-02,38-A04,29.77,29.61,0.219,3.50E+02,2.544,6.10E+01,,pos,pos,2017-6193,6193,4/24/18 first,
Hemato,Unkn-07,33-H01,32.26,32.03,0.326,3.28E+01,1.516,8.96E+00,,pos,pos,2017-6194,6194,4/25/18 third,
Hemato,Unkn-07,33-H01,31.8,32.03,0.326,4.55E+01,1.658,8.96E+00,,pos,pos,2017-6194,6194,4/25/18 third,
Hemato,Unkn-26,37-H04,30.81,30.97,0.224,8.94E+01,1.951,1.28E+01,,pos,pos,2017-6194,6194,4/24/18 second,
Hemato,Unkn-26,37-H04,31.13,30.97,0.224,7.12E+01,1.853,1.28E+01,,pos,pos,2017-6194,6194,4/24/18 second,
Hemato,Unkn-10,33-D05,27.75,27.93,0.254,4.73E+02,2.674,7.71E+01,,pos,pos,2017-6195,6195,4/25/18 second,
Hemato,Unkn-10,33-D05,28.11,27.93,0.254,3.63E+02,2.56,7.71E+01,,pos,pos,2017-6195,6195,4/25/18 second,
,Unkn-25,38-E06,32.33,32.36,0.035,1.63E+02,2.21E+00,3.83E+00,,pos,pos,2017-6195,6195,3/27/18 third,
,Unkn-25,38-E06,32.38,32.36,0.035,1.58E+02,2.20E+00,3.83E+00,,pos,pos,2017-6195,6195,3/27/18 third,
Hemato,Unkn-24,38-E06,30.77,30.82,0.073,1.72E+02,2.235,8.64E+00,,pos,pos,2017-6195,6195,4/24/18 first,
Hemato,Unkn-24,38-E06,30.87,30.82,0.073,1.60E+02,2.203,8.64E+00,,pos,pos,2017-6195,6195,4/24/18 first,
Hemato,Unkn-39,32-C12,29.1,29.12,0.021,5.69E+02,2.755,8.02E+00,,pos,pos,2017-6196,6196,4/25/18 first,
Hemato,Unkn-39,32-C12,29.13,29.12,0.021,5.58E+02,2.746,8.02E+00,,pos,pos,2017-6196,6196,4/25/18 first,
Hemato,Unkn-36,37-H01,29.55,29.62,0.106,3.66E+02,2.564,2.52E+01,,pos,pos,2017-6196,6196,3/29/18 1st,
Hemato,Unkn-36,37-H01,29.7,29.62,0.106,3.30E+02,2.519,2.52E+01,,pos,pos,2017-6196,6196,3/29/18 1st,
Hemato,Unkn-31,31-H02,38.51,38.4,0.147,8.58E-01,-0.066,9.40E-02,,neg,neg,2017-6197,6197,4/25/18 first,
Hemato,Unkn-31,31-H02,38.3,38.4,0.147,9.91E-01,-0.004,9.40E-02,,neg,neg,2017-6197,6197,4/25/18 first,
Hemato,Unkn-26,31-G12,27.01,26.91,0.147,2.42E+03,3.383,2.65E+02,,pos,pos,2017-6197,6197,4/25/18 first,
Hemato,Unkn-26,31-G12,26.8,26.91,0.147,2.79E+03,3.446,2.65E+02,,pos,pos,2017-6197,6197,4/25/18 first,
Hemato,Unkn-10,37-B07,30.6,30.67,0.109,1.78E+02,2.251,1.27E+01,,pos,pos,2017-6197,6197,3/29/18 1st,
Hemato,Unkn-10,37-B07,30.75,30.67,0.109,1.60E+02,2.204,1.27E+01,,pos,pos,2017-6197,6197,3/29/18 1st,
Hemato,,31-E12,,,,,,,,,POS,2017-6198,6198,,out of DNA
Hemato,Unkn-17,37-D04,30,30.12,0.181,2.69E+02,2.43,3.07E+01,,pos,pos,2017-6198,6198,3/29/18 1st,
Hemato,Unkn-17,37-D04,30.25,30.12,0.181,2.26E+02,2.353,3.07E+01,,pos,pos,2017-6198,6198,3/29/18 1st,
Hemato,Unkn-40,31-F12,29.5,29.63,0.173,2.28E+02,2.358,2.60E+01,,pos,pos,2017-6199,6199,4/24/18 second,
Hemato,Unkn-40,31-F12,29.75,29.63,0.173,1.91E+02,2.282,2.60E+01,,pos,pos,2017-6199,6199,4/24/18 second,
Hemato,Unkn-24,37-E06,26.44,26.55,0.149,3.10E+03,3.491,2.96E+02,,pos,pos,2017-6199,6199,3/29/18 1st,
Hemato,Unkn-24,37-E06,26.65,26.55,0.149,2.68E+03,3.428,2.96E+02,,pos,pos,2017-6199,6199,3/29/18 1st,
Hemato,Unkn-21,33-G02,N/A,0,0,0,N/A,0.00E+00,,neg,neg,2017-6200,6200,5/3/18 first,
Hemato,Unkn-21,33-G02,37.18,37.18,0,8.09E-01,-9.20E-02,0.00E+00,,neg,neg,2017-6200,6200,5/3/18 first,
Hemato,Unkn-37,37-H02,29.21,29.45,0.345,3.17E+02,2.501,6.63E+01,,pos,pos,2017-6200,6200,3/29/18 second,
Hemato,Unkn-37,37-H02,29.7,29.45,0.345,2.23E+02,2.349,6.63E+01,,pos,pos,2017-6200,6200,3/29/18 second,
Hemato,Unkn-38,33-A07,30.72,30.82,0.137,5.36E+01,1.729,5.03E+00,,pos,pos,2017-6201,6201,4/25/18 second,
Hemato,Unkn-38,33-A07,30.92,30.82,0.137,4.65E+01,1.668,5.03E+00,,pos,pos,2017-6201,6201,4/25/18 second,
,Unkn-22,38-E03,30.11,30.39,0.397,7.41E+02,2.87,1.66E+02,,pos,pos,2017-6201,6201,3/27/18 third,
,Unkn-22,38-E03,30.67,30.39,0.397,5.06E+02,2.704,1.66E+02,,pos,pos,2017-6201,6201,3/27/18 third,
Hemato,Unkn-21,38-E03,29.31,29.44,0.184,4.86E+02,2.686,5.80E+01,,pos,pos,2017-6201,6201,4/24/18 first,
Hemato,Unkn-21,38-E03,29.57,29.44,0.184,4.04E+02,2.606,5.80E+01,,pos,pos,2017-6201,6201,4/24/18 first,
Hemato,Unkn-10,32-E07,26.94,26.98,0.048,2.53E+03,3.403,8.14E+01,,pos,pos,2017-6202,6202,4/25/18 first,
Hemato,Unkn-10,32-E07,27.01,26.98,0.048,2.41E+03,3.383,8.14E+01,,pos,pos,2017-6202,6202,4/25/18 first,
Hemato,Unkn-28,38-F05,29.94,30.06,0.169,3.10E+02,2.491,3.41E+01,,pos,pos,2017-6202,6202,4/24/18 first,
Hemato,Unkn-28,38-F05,30.18,30.06,0.169,2.61E+02,2.417,3.41E+01,,pos,pos,2017-6202,6202,4/24/18 first,
Hemato,Unkn-03,32-A08,24.84,25.11,0.373,1.08E+04,4.033,2.33E+03,,pos,pos,2017-6203,6203,4/25/18 first,
Hemato,Unkn-03,32-A08,25.37,25.11,0.373,7.49E+03,3.875,2.33E+03,,pos,pos,2017-6203,6203,4/25/18 first,
Hemato,Unkn-02,37-A04,32.84,33.14,0.429,3.82E+01,1.581,9.20E+00,,pos,pos,2017-6203,6203,3/29/18 1st,
Hemato,Unkn-02,37-A04,33.44,33.14,0.429,2.51E+01,1.4,9.20E+00,,pos,pos,2017-6203,6203,3/29/18 1st,
Hemato,Unkn-30,37-A04,32.37,32.29,0.112,3.03E+01,1.482,2.56E+00,,pos,pos,2017-6203,6203,4/25/18 third,
Hemato,Unkn-30,37-A04,32.21,32.29,0.112,3.40E+01,1.531,2.56E+00,,pos,pos,2017-6203,6203,4/25/18 third,
Hemato,Unkn-39,37-H06,29.24,29.49,0.356,4.51E+02,2.655,9.34E+01,,pos,pos,2017-6204,6204,3/29/18 1st,
Hemato,Unkn-39,37-H06,29.75,29.49,0.356,3.19E+02,2.504,9.34E+01,,pos,pos,2017-6204,6204,3/29/18 1st,
Hemato,Unkn-28,32-B07,24.02,24.02,0.009,1.90E+04,4.28,1.15E+02,,pos,pos,2017-6205,6205,4/25/18 first,
Hemato,Unkn-28,32-B07,24.01,24.02,0.009,1.92E+04,4.283,1.15E+02,,pos,pos,2017-6205,6205,4/25/18 first,
,Unkn-02,38-A03,31.04,30.87,0.239,3.93E+02,2.59E+00,7.17E+01,,pos,pos,2017-6205,6205,3/27/18 third,
,Unkn-02,38-A03,30.7,30.87,0.239,4.95E+02,2.69E+00,7.17E+01,,pos,pos,2017-6205,6205,3/27/18 third,
Hemato,Unkn-01,38-A03,29.55,29.83,0.387,4.17E+02,2.62,9.27E+01,,pos,pos,2017-6205,6205,4/25/18 first,
Hemato,Unkn-01,38-A03,30.1,29.83,0.387,2.86E+02,2.456,9.27E+01,,pos,pos,2017-6205,6205,4/25/18 first,
Hemato,Unkn-37,32-H02,30.74,30.79,0.071,5.32E+01,1.726,2.67E+00,,pos,pos,2017-6206,6206,4/25/18 second,
Hemato,Unkn-37,32-H02,30.84,30.79,0.071,4.94E+01,1.694,2.67E+00,,pos,pos,2017-6206,6206,4/25/18 second,
Hemato,Unkn-25,38-E07,29.08,29.15,0.105,5.73E+02,2.758,4.05E+01,,pos,pos,2017-6206,6206,4/24/18 first,
Hemato,Unkn-25,38-E07,29.23,29.15,0.105,5.15E+02,2.712,4.05E+01,,pos,pos,2017-6206,6206,4/24/18 first,
Hemato,Unkn-07,32-G02,29.22,29.22,0.001,1.62E+02,2.208,1.42E-01,,pos,pos,2017-6207,6207,4/25/18 second,
Hemato,Unkn-07,32-G02,29.22,29.22,0.001,1.62E+02,2.209,1.42E-01,,pos,pos,2017-6207,6207,4/25/18 second,
Hemato,Unkn-40,37-D02,30.15,30.39,0.335,1.51E+02,2.18E+00,3.04E+01,,pos,pos,2017-6207,6207,4/27/18 2nd,
Hemato,Unkn-40,37-D02,30.63,30.39,0.335,1.08E+02,2.03E+00,3.04E+01,,pos,pos,2017-6207,6207,4/27/18 2nd,
Hemato,Unkn-30,32-E01,19.43,20.1,0.937,2.49E+05,5.396,1.07E+05,,pos,pos,2017-6208,6208,4/24/18 third,poor run but out of DNA
Hemato,Unkn-30,32-E01,20.76,20.1,0.937,9.77E+04,4.99,1.07E+05,,pos,pos,2017-6208,6208,4/24/18 third,poor run but out of DNA
Hemato,Unkn-13,37-C05,27.74,27.94,0.287,1.27E+03,3.104,2.19E+02,,pos,pos,2017-6208,6208,3/29/18 1st,
Hemato,Unkn-13,37-C05,28.14,27.94,0.287,9.61E+02,2.983,2.19E+02,,pos,pos,2017-6208,6208,3/29/18 1st,
Hemato,Unkn-18,32-B04,29.5,29.4,0.133,4.34E+02,2.637,4.25E+01,,pos,pos,2017-6209,6209,4/25/18 first,
Hemato,Unkn-18,32-B04,29.31,29.4,0.133,4.94E+02,2.693,4.25E+01,,pos,pos,2017-6209,6209,4/25/18 first,
Hemato,Unkn-19,37-D06,30.57,30.67,0.132,1.81E+02,2.257,1.54E+01,,pos,pos,2017-6209,6209,3/29/18 1st,
Hemato,Unkn-19,37-D06,30.76,30.67,0.132,1.59E+02,2.202,1.54E+01,,pos,pos,2017-6209,6209,3/29/18 1st,
Hemato,Unkn-19,32-C03,25.84,25.8,0.056,5.44E+03,3.735,2.15E+02,,pos,pos,2017-6210,6210,4/25/18 first,
Hemato,Unkn-19,32-C03,25.76,25.8,0.056,5.74E+03,3.759,2.15E+02,,pos,pos,2017-6210,6210,4/25/18 first,
Hemato,Unkn-01,37-A01,26.08,26.25,0.231,3.95E+03,3.597,5.62E+02,,pos,pos,2017-6210,6210,3/29/18 1st,
Hemato,Unkn-01,37-A01,26.41,26.25,0.231,3.16E+03,3.5,5.62E+02,,pos,pos,2017-6210,6210,3/29/18 1st,
Hemato,Unkn-24,32-C04,20.07,19.96,0.148,2.93E+05,5.467,3.21E+04,,pos,pos,2017-6211,6211,4/25/18 first,
Hemato,Unkn-24,32-C04,19.86,19.96,0.148,3.38E+05,5.529,3.21E+04,,pos,pos,2017-6211,6211,4/25/18 first,
,Unkn-37,38-H03,30.92,30.78,0.209,4.25E+02,2.63E+00,6.70E+01,,pos,pos,2017-6211,6211,3/27/18 third,
,Unkn-37,38-H03,30.63,30.78,0.209,5.20E+02,2.72E+00,6.70E+01,,pos,pos,2017-6211,6211,3/27/18 third,
Hemato,Unkn-36,38-H03,29.36,29.39,0.037,4.68E+02,2.67,1.22E+01,,pos,pos,2017-6211,6211,4/24/18 first,
Hemato,Unkn-36,38-H03,29.41,29.39,0.037,4.51E+02,2.654,1.22E+01,,pos,pos,2017-6211,6211,4/24/18 first,
Hemato,Unkn-08,32-B01,19.01,19.18,0.241,6.10E+05,5.785,9.06E+04,,pos,pos,2017-6212,6212,4/25/18 first,
Hemato,Unkn-08,32-B01,19.35,19.18,0.241,4.82E+05,5.683,9.06E+04,,pos,pos,2017-6212,6212,4/25/18 first,
Hemato,Unkn-17,38-D04,21.46,21.56,0.147,1.29E+05,5.11,1.25E+04,,pos,pos,2017-6212,6212,4/24/18 first,
Hemato,Unkn-17,38-D04,21.66,21.56,0.147,1.11E+05,5.046,1.25E+04,,pos,pos,2017-6212,6212,4/24/18 first,
Hemato,Unkn-15,32-D02,37.58,37.91,0.47,1.63E+00,0.211,4.23E-01,,neg,neg,2017-6213,6213,4/25/18 first,
Hemato,Unkn-15,32-D02,38.25,37.91,0.47,1.03E+00,0.012,4.23E-01,,neg,neg,2017-6213,6213,4/25/18 first,
Hemato,Unkn-10,38-B07,30.84,30.98,0.198,1.63E+02,2.213,2.08E+01,,pos,pos,2017-6213,6213,4/24/18 first,
Hemato,Unkn-10,38-B07,31.12,30.98,0.198,1.34E+02,2.126,2.08E+01,,pos,pos,2017-6213,6213,4/24/18 first,
Hemato,,32-C01,,,,,,,,,POS,2017-6214,6214,,out of DNA
,Unkn-40,38-H06,26.82,27.06,0.344,6.91E+03,3.84,1.37E+03,,pos,pos,2017-6214,6214,3/27/18 third,
,Unkn-40,38-H06,27.31,27.06,0.344,4.97E+03,3.696,1.37E+03,,pos,pos,2017-6214,6214,3/27/18 third,
Hemato,Unkn-39,38-H06,26.02,26.05,0.036,5.03E+03,3.701,1.27E+02,,pos,pos,2017-6214,6214,4/24/18 first,
Hemato,Unkn-39,38-H06,26.07,26.05,0.036,4.85E+03,3.686,1.27E+02,,pos,pos,2017-6214,6214,4/24/18 first,
Hemato,Unkn-01,32-E10,28.3,28.37,0.099,3.17E+02,2.501,2.18E+01,,pos,pos,2017-6215,6215,4/25/18 second,
Hemato,Unkn-01,32-E10,28.44,28.37,0.099,2.86E+02,2.457,2.18E+01,,pos,pos,2017-6215,6215,4/25/18 second,
Hemato,Unkn-11,37-C08,29.21,28.89,0.445,3.17E+02,2.501,1.28E+02,,pos,pos,2017-6215,6215,3/29/18 second,
Hemato,Unkn-11,37-C08,28.58,28.89,0.445,4.99E+02,2.698,1.28E+02,,pos,pos,2017-6215,6215,3/29/18 second,
Hemato,Unkn-02,37-C08,29.78,29.61,0.241,1.88E+02,2.274,3.67E+01,,pos,pos,2017-6215,6215,4/24/18 second,
Hemato,Unkn-02,37-C08,29.44,29.61,0.241,2.40E+02,2.38,3.67E+01,,pos,pos,2017-6215,6215,4/24/18 second,
Hemato,Unkn-21,30-D07,36.07,35.92,0.211,2.26E+00,3.55E-01,3.77E-01,,neg,neg,2017-6216,6216,4/27/18 2nd,
Hemato,Unkn-21,30-D07,35.77,35.92,0.211,2.80E+00,4.47E-01,3.77E-01,,neg,neg,2017-6216,6216,4/27/18 2nd,
Hemato,,32-H05,,,,,,,,,,2017-6217,6217,,out of DNA
Hemato,Unkn-32,32-G11,36.26,36.34,0.102,9.30E-01,-0.032,6.59E-02,,neg,neg,2017-6218,6218,4/25/18 second,
Hemato,Unkn-32,32-G11,36.41,36.34,0.102,8.37E-01,-0.078,6.59E-02,,neg,neg,2017-6218,6218,4/25/18 second,
Hemato,Unkn-37,32-A07,28.82,28.91,0.12,6.90E+02,2.839,5.38E+01,,pos,pos,2017-6219,6219,4/25/18 first,
Hemato,Unkn-37,32-A07,28.99,28.91,0.12,6.14E+02,2.788,5.38E+01,,pos,pos,2017-6219,6219,4/25/18 first,
Hemato,Unkn-14,33-F07,29.91,29.77,0.190,1.79E+02,2.25E+00,2.66E+01,,pos,pos,2017-6220,6220,4/27/18 2nd,
Hemato,Unkn-14,33-F07,29.64,29.77,0.190,2.17E+02,2.34E+00,2.66E+01,,pos,pos,2017-6220,6220,4/27/18 2nd,
Hemato,Unkn-07,30-C11,30.53,3.06E+01,0.091,1.53E+02,2.18E+00,9.40E+00,,pos,pos,2017-6221,6221,4/25/18 fourth,
Hemato,Unkn-07,30-C11,30.66,3.06E+01,0.091,1.40E+02,2.15E+00,9.40E+00,,pos,pos,2017-6221,6221,4/25/18 fourth,
Hemato,Unkn-05,32-C09,35.68,35.74,0.088,6.06E+00,0.783,3.53E-01,,pos,pos,2017-6222,6222,4/25/18 first,
Hemato,Unkn-05,32-C09,35.8,35.74,0.088,5.56E+00,0.745,3.53E-01,,pos,pos,2017-6222,6222,4/25/18 first,
Hemato,Unkn-01,30-A01,37.85,3.79E+01,0.000,8.51E-01,-7.00E-02,0.00E+00,,neg,neg,2017-6223,6223,4/25/18 fourth,
Hemato,Unkn-01,30-A01,N/A,0,0.000,0,N/A,0.00E+00,,neg,neg,2017-6223,6223,4/25/18 fourth,
Hemato,Unkn-13,31-C03,31.64,31.56,0.113,4.93E+01,1.693,4.24E+00,,pos,pos,2017-6224,6224,4/24/18 second,
Hemato,Unkn-13,31-C03,31.48,31.56,0.113,5.53E+01,1.743,4.24E+00,,pos,pos,2017-6224,6224,4/24/18 second,
Hemato,Unkn-14,31-D10,20.18,20.34,0.224,1.81E+05,5.259,2.60E+04,,pos,pos,2017-6225,6225,4/24/18 second,
Hemato,Unkn-14,31-D10,20.5,20.34,0.224,1.45E+05,5.16,2.60E+04,,pos,pos,2017-6225,6225,4/24/18 second,
Hemato,Unkn-34,31-E04,36.56,36.21,0.493,1.46E+00,0.163,6.68E-01,,neg,neg,2017-6226,6226,4/24/18 second,
Hemato,Unkn-34,31-E04,35.86,36.21,0.493,2.40E+00,0.38,6.68E-01,,neg,neg,2017-6226,6226,4/24/18 second,
Hemato,Unkn-17,31-H05,31.11,31.22,0.161,7.65E+01,1.88E+00,8.07E+00,,pos,pos,2017-6227,6227,4/27/18 2nd,
Hemato,Unkn-17,31-H05,31.34,31.22,0.161,6.50E+01,1.81E+00,8.07E+00,,pos,pos,2017-6227,6227,4/27/18 2nd,
Hemato,Unkn-03,34-B01,30.95,31.03,0.119,8.34E+01,1.921,6.64E+00,,pos,pos,2017-6228,6228,4/25/18 third,
Hemato,Unkn-03,34-B01,31.11,31.03,0.119,7.40E+01,1.869,6.64E+00,,pos,pos,2017-6228,6228,4/25/18 third,
Hemato,Unkn-20,31-C11,N/A,0,0,0,N/A,0.00E+00,,neg,neg,2017-6229,6229,4/25/18 third,
Hemato,Unkn-20,31-C11,N/A,0,0,0,N/A,0.00E+00,,neg,neg,2017-6229,6229,4/25/18 third,
Hemato,Unkn-31,30-F09,35.25,35.08,0.243,4.04E+00,6.06E-01,7.88E-01,,pos,pos,2017-6230,6230,4/27/18 2nd,
Hemato,Unkn-31,30-F09,34.91,35.08,0.243,5.16E+00,7.12E-01,7.88E-01,,pos,pos,2017-6230,6230,4/27/18 2nd,
Hemato,Unkn-08,32-G06,38.6,38.6,0.000,3.77E-01,-4.24E-01,0.00E+00,,neg,neg,2017-6231,6231,4/27/18 2nd,
Hemato,Unkn-08,32-G06,N/A,0,0.000,0,N/A,0.00E+00,,neg,neg,2017-6231,6231,4/27/18 2nd,
Hemato,,30-G01,,,,,,,,,neg 4 rep ,2017-6232,6232,,
Hemato,Unkn-12,30-C12,N/A,0.00E+00,0.000,0,N/A,0.00E+00,,neg,neg,2017-6234,6234,4/25/18 fourth,
Hemato,Unkn-12,30-C12,N/A,0,0.000,0,N/A,0.00E+00,,neg,neg,2017-6234,6234,4/25/18 fourth,
Hemato,,30-A07,,,,,,,,,iffy,2017-6235,6235,5/3/18 first,
Hemato,Unkn-04,32-B12,37.9,37.84,0.092,1.30E+00,0.115,8.66E-02,,neg,neg,2017-6236,6236,4/25/18 first,
Hemato,Unkn-04,32-B12,37.77,37.84,0.092,1.42E+00,0.154,8.66E-02,,neg,neg,2017-6236,6236,4/25/18 first,
Hemato,Unkn-14,30-G12,27.44,2.75E+01,0.063,1.37E+03,3.14E+00,5.94E+01,,pos,pos,2017-6237,6237,4/25/18 fourth,
Hemato,Unkn-14,30-G12,27.53,2.75E+01,0.063,1.29E+03,3.11E+00,5.94E+01,,pos,pos,2017-6237,6237,4/25/18 fourth,
Hemato,,32-H09,,,,,,,,,neg 2 rep ,2017-6238,6238,,out of DNA
Hemato,Unkn-36,32-F12,26.48,26.2,0.394,1.20E+03,3.077,4.25E+02,,pos,pos,2017-6239,6239,4/25/18 second,
Hemato,Unkn-36,32-F12,25.93,26.2,0.394,1.80E+03,3.254,4.25E+02,,pos,pos,2017-6239,6239,4/25/18 second,
Hemato,Unkn-29,32-C05,27.25,27.2,0.06,2.05E+03,3.313,8.81E+01,,pos,pos,2017-6240,6240,4/25/18 first,
Hemato,Unkn-29,32-C05,27.16,27.2,0.06,2.18E+03,3.338,8.81E+01,,pos,pos,2017-6240,6240,4/25/18 first,
Hemato,Unkn-39,31-A04,24.05,2.40E+01,0.021,1.51E+04,4.18E+00,2.25E+02,,pos,pos,2017-6241,6241,4/25/18 fourth,
Hemato,Unkn-39,31-A04,24.02,24.04,0.021,1.55E+04,4.19E+00,2.25E+02,,pos,pos,2017-6241,6241,4/25/18 fourth,
Hemato,Unkn-07,30-H06,30.23,30.12,0.157,1.43E+02,2.16E+00,1.72E+01,,pos,pos,2017-6242,6242,4/27/18 2nd,
Hemato,Unkn-07,30-H06,30,30.12,0.157,1.67E+02,2.22E+00,1.72E+01,,pos,pos,2017-6242,6242,4/27/18 2nd,
Hemato,Unkn-37,32-E11,25.38,25.36,0.025,4.46E+03,3.65E+00,7.88E+01,,pos,pos,2017-6243,6243,4/27/18 2nd,
Hemato,Unkn-37,32-E11,25.34,25.36,0.025,4.57E+03,3.66E+00,7.88E+01,,pos,pos,2017-6243,6243,4/27/18 2nd,
Hemato,Unkn-30,31-F07,29.71,29.48,0.316,1.98E+02,2.296,5.27E+01,,pos,pos,2017-6244,6244,4/24/18 second,
Hemato,Unkn-30,31-F07,29.26,29.48,0.316,2.72E+02,2.435,5.27E+01,,pos,pos,2017-6244,6244,4/24/18 second,
Hemato,Unkn-27,32-E06,30.75,30.68,0.102,9.85E+01,1.99E+00,7.50E+00,,pos,pos,2017-6245,6245,4/27/18 2nd,
Hemato,Unkn-27,32-E06,30.61,30.68,0.102,1.09E+02,2.04E+00,7.50E+00,,pos,pos,2017-6245,6245,4/27/18 2nd,
Hemato,Unkn-35,34-H02,37.79,37.79,0,5.58E-01,-0.254,0.00E+00,,neg,neg,2017-6246,6246,4/27/18 first,NTC amp'd
Hemato,Unkn-35,34-H02,N/A,0,0,0,N/A,0.00E+00,,neg,neg,2017-6246,6246,4/27/18 first,NTC amp'd
Hemato,,33-C05,,,,,,,,,NEG,2017-6247,6247,,
Hemato,Unkn-02,30-G02,38.21,38.21,0.000,4.97E-01,-3.04E-01,0.00E+00,,neg,neg,2017-6248,6248,4/27/18 2nd,
Hemato,Unkn-02,30-G02,N/A,0,0.000,0,N/A,0.00E+00,,neg,neg,2017-6248,6248,4/27/18 2nd,
Hemato,Unkn-22,33-H06,32.41,32.29,0.163,2.95E+01,1.47,3.70E+00,,pos,pos,2017-6249,6249,4/25/18 third,
Hemato,Unkn-22,33-H06,32.18,32.29,0.163,3.48E+01,1.541,3.70E+00,,pos,pos,2017-6249,6249,4/25/18 third,
Hemato,Unkn-02,31-H07,21.32,21.36,0.062,1.23E+05,5.091,5.09E+03,,pos,pos,2017-6250,6250,4/25/18 first,
Hemato,Unkn-02,31-H07,21.41,21.36,0.062,1.16E+05,5.065,5.09E+03,,pos,pos,2017-6250,6250,4/25/18 first,
Hemato,Unkn-33,33-C07,30.07,30.19,0.170,1.60E+02,2.20E+00,1.77E+01,,pos,pos,2017-6251,6251,4/27/18 2nd,
Hemato,Unkn-33,33-C07,30.31,30.19,0.170,1.35E+02,2.13E+00,1.77E+01,,pos,pos,2017-6251,6251,4/27/18 2nd,
Hemato,Unkn-23,32-B06,N/A,0,0,0,N/A,0.00E+00,,neg,neg,2017-6252,6252,4/25/18 first,
Hemato,Unkn-23,32-B06,38.48,38.48,0,8.72E-01,-0.059,0.00E+00,,neg,neg,2017-6252,6252,4/25/18 first,
Hemato,Unkn-25,34-F04,N/A,0,0.000,0,N/A,0.00E+00,,neg,neg,2017-6253,6253,4/27/18 2nd,
Hemato,Unkn-25,34-F04,N/A,0,0.000,0,N/A,0.00E+00,,neg,neg,2017-6253,6253,4/27/18 2nd,
Hemato,Unkn-10,31-A08,37.17,3.75E+01,0.466,1.38E+00,1.41E-01,3.65E-01,,neg,neg,2017-6254,6254,4/25/18 fourth,
Hemato,Unkn-10,31-A08,37.83,3.75E+01,0.466,8.68E-01,-6.20E-02,3.65E-01,,neg,neg,2017-6254,6254,4/25/18 fourth,
Hemato,Unkn-30,33-E08,26.02,25.94,0.111,1.68E+03,3.226,1.45E+02,,pos,pos,2017-6255,6255,4/25/18 second,
Hemato,Unkn-30,33-E08,25.86,25.94,0.111,1.89E+03,3.276,1.45E+02,,pos,pos,2017-6255,6255,4/25/18 second,
Hemato,,33-E10,,,,,,,,,POS,2017-6256,6256,,
Hemato,,33-H08,,,,,,,,,POS,2017-6257,6257,,not much left
Hemato,Unkn-03,34-B06,38.12,38.08,0.055,5.28E-01,-2.78E-01,2.13E-02,,neg,neg,2017-6258,6258,4/27/18 2nd,
Hemato,Unkn-03,34-B06,38.04,38.08,0.055,5.58E-01,-2.53E-01,2.13E-02,,neg,neg,2017-6258,6258,4/27/18 2nd,
Hemato,,34-B06,,,,,,,,,NEG,2017-6258,6258,,
Hemato,Unkn-37,34-A05,39.09,39.09,0,2.59E-01,-0.587,0.00E+00,,neg,neg,2017-6259,6259,4/25/18 third,
Hemato,Unkn-37,34-A05,N/A,0,0,0,N/A,0.00E+00,,neg,neg,2017-6259,6259,4/25/18 third,
Hemato,,33-G08,,,,,,,,,NEG,2017-6260,6260,,
Hemato,Unkn-31,32-F11,25.2,25.08,0.163,3.06E+03,3.486,3.99E+02,,pos,pos,2017-6261,6261,4/25/18 second,
Hemato,Unkn-31,32-F11,24.97,25.08,0.163,3.63E+03,3.56,3.99E+02,,pos,pos,2017-6261,6261,4/25/18 second,
Hemato,Unkn-19,31-D12,30.89,30.99,0.147,8.47E+01,1.928,8.29E+00,,pos,pos,2017-6262,6262,4/24/18 second,
Hemato,Unkn-19,31-D12,31.1,30.99,0.147,7.29E+01,1.863,8.29E+00,,pos,pos,2017-6262,6262,4/24/18 second,
Hemato,Unkn-09,33-C01,31.47,31.55,0.12,3.11E+01,1.492,2.56E+00,,pos,pos,2017-6263,6263,4/25/18 second,
Hemato,Unkn-09,33-C01,31.64,31.55,0.12,2.74E+01,1.438,2.56E+00,,pos,pos,2017-6263,6263,4/25/18 second,
Hemato,Unkn-19,33-C04,N/A,0,0,0,N/A,0.00E+00,,neg,neg,2017-6264,6264,4/25/18 second,
Hemato,Unkn-19,33-C04,35.19,35.19,0,2.04E+00,0.31,0.00E+00,,neg,neg,2017-6264,6264,4/25/18 second,
Hemato,Unkn-01,33-F04,33,33.25,0.354,1.94E+01,1.288,4.10E+00,,pos,pos,2017-6265,6265,4/25/18 third,
Hemato,Unkn-01,33-F04,33.5,33.25,0.354,1.36E+01,1.134,4.10E+00,,pos,pos,2017-6265,6265,4/25/18 third,
Hemato,Unkn-20,33-E05,28.68,28.96,0.392,2.39E+02,2.378,5.63E+01,,pos,pos,2017-6266,6266,4/25/18 second,
Hemato,Unkn-20,33-E05,29.24,28.96,0.392,1.59E+02,2.202,5.63E+01,,pos,pos,2017-6266,6266,4/25/18 second,
Hemato,Unkn-05,33-D04,35.75,35.62,0.175,1.36E+00,0.133,1.90E-01,,neg,neg,2017-6267,6267,4/25/18 second,
Hemato,Unkn-05,33-D04,35.5,35.62,0.175,1.63E+00,0.211,1.90E-01,,neg,neg,2017-6267,6267,4/25/18 second,
Hemato,Unkn-33,33-A03,N/A,0,0,0,N/A,0.00E+00,,neg,neg,2017-6268,6268,4/25/18 second,
Hemato,Unkn-33,33-A03,37.47,37.47,0,3.86E-01,-0.414,0.00E+00,,neg,neg,2017-6268,6268,4/25/18 second,
Hemato,Unkn-39,33-D01,28.37,28.61,0.339,3.01E+02,2.478,6.30E+01,,pos,pos,2017-6269,6269,4/25/18 second,
Hemato,Unkn-39,33-D01,28.85,28.61,0.339,2.12E+02,2.325,6.30E+01,,pos,pos,2017-6269,6269,4/25/18 second,
Hemato,Unkn-16,32-F01,24.83,25.05,0.324,4.02E+03,3.604,8.10E+02,,pos,pos,2017-6270,6270,4/25/18 second,
Hemato,Unkn-16,32-F01,25.28,25.05,0.324,2.87E+03,3.458,8.10E+02,,pos,pos,2017-6270,6270,4/25/18 second,
Hemato,Unkn-10,32-D01,35.86,35.54,0.455,2.29E+00,0.36,9.33E-01,,neg,neg,2017-6271,6271,4/24/18 third,poor run but out of DNA
Hemato,Unkn-10,32-D01,35.22,35.54,0.455,3.61E+00,0.558,9.33E-01,,neg,neg,2017-6271,6271,4/24/18 third,poor run but out of DNA
Hemato,Unkn-13,32-B03,37.22,37.03,0.276,2.09E+00,0.319,4.57E-01,,neg,neg,2017-6272,6272,4/25/18 first,
Hemato,Unkn-13,32-B03,36.83,37.03,0.276,2.73E+00,0.436,4.57E-01,,neg,neg,2017-6272,6272,4/25/18 first,
Hemato,Unkn-17,32-A01,20.59,20.54,0.067,2.04E+05,5.31,9.73E+03,,pos,pos,2017-6273,6273,4/25/18 first,
Hemato,Unkn-17,32-A01,20.5,20.54,0.067,2.18E+05,5.338,9.73E+03,,pos,pos,2017-6273,6273,4/25/18 first,
Hemato,Unkn-14,32-C02,25.34,25.11,0.317,7.67E+03,3.885,1.97E+03,,pos,pos,2017-6274,6274,4/25/18 first,
Hemato,Unkn-14,32-C02,24.89,25.11,0.317,1.05E+04,4.02,1.97E+03,,pos,pos,2017-6274,6274,4/25/18 first,
Hemato,,32-H07,,,,,,,,,NEG,2017-6275,6275,,out of DNA
Hemato,Unkn-24,30-H04,38.08,3.81E+01,0.000,7.24E-01,-1.40E-01,0.00E+00,,neg,neg,2017-6276,6276,4/25/18 fourth,
Hemato,Unkn-24,30-H04,N/A,0.00E+00,0.000,0,N/A,0.00E+00,,neg,neg,2017-6276,6276,4/25/18 fourth,
Hemato,Unkn-11,32-E12,34.64,33.73,1.289,3.05E+00,0.484,6.04E+00,,neg,pos,2017-6277,6277,4/25/18 second,"iffy, inhibition??; 32-E12 (unk 11) has 2ul DNA in C1 & 1 ul in C2 well."
Hemato,Unkn-11,32-E12,32.82,33.73,1.289,1.16E+01,1.064,6.04E+00,,pos,pos,2017-6277,6277,4/25/18 second,"iffy, inhibition??; 32-E12 (unk 11) has 2ul DNA in C1 & 1 ul in C2 well."
Hemato,Unkn-35,33-E09,21.64,21.65,0.019,4.15E+04,4.618,5.71E+02,,pos,pos,2017-6278,6278,4/25/18 second,
Hemato,Unkn-35,33-E09,21.66,21.65,0.019,4.07E+04,4.609,5.71E+02,,pos,pos,2017-6278,6278,4/25/18 second,
Hemato,Unkn-22,37-E02,25.06,25.18,0.174,6.25E+03,3.796,7.16E+02,,pos,pos,2017-6278,6278,3/29/18 second,
Hemato,Unkn-22,37-E02,25.3,25.18,0.174,5.24E+03,3.719,7.16E+02,,pos,pos,2017-6278,6278,3/29/18 second,
Hemato,Unkn-13,30-E12,28.04,2.80E+01,0.094,8.94E+02,2.95E+00,6.28E+01,,pos,pos,2017-6279,6279,4/25/18 fourth,
Hemato,Unkn-13,30-E12,27.91,2.80E+01,0.094,9.83E+02,2.99E+00,6.28E+01,,pos,pos,2017-6279,6279,4/25/18 fourth,
Hemato,Unkn-12,37-C02,28.61,28.44,0.242,4.88E+02,2.688,9.60E+01,,pos,pos,2017-6279,6279,3/29/18 second,
Hemato,Unkn-12,37-C02,28.27,28.44,0.242,6.23E+02,2.795,9.60E+01,,pos,pos,2017-6279,6279,3/29/18 second,
Hemato,,32-H06,,,,,,,,,NEG,2017-6280,6280,,out of DNA
Hemato,,32-G01,,,,,,,,,POS,2017-6281,6281,,out of DNA
Hemato,Unkn-32,32-E08,35.67,35.97,0.434,3.02E+00,4.80E-01,7.53E-01,,neg,neg,2017-6282,6282,4/27/18 2nd,
Hemato,Unkn-32,32-E08,36.28,35.97,0.434,1.95E+00,2.91E-01,7.53E-01,,neg,neg,2017-6282,6282,4/27/18 2nd,