FRP,Uniq_ID,trtmnt_tank,sample_day,infection_status,maturity,tube_number,
6107,6107_115_9,ambient,9,0,M,115,
6109,6109_31_9,ambient,9,0,I,31,
6110,6110_135_9,ambient,9,0,I,135,
6111,6111_90_9,ambient,9,1,I,90,
6112,6112_28_9,ambient,9,0,I,28,
6114,6114_142_9,ambient,9,1,I,142,
6115,6115_33_9,ambient,9,1,I,33,
6121,6121_15_9,ambient,9,1,I,15,
6122,6122_133_9,ambient,9,1,I,133,
6123,6123_82_9,ambient,9,0,I,82,
6124,6124_75_9,ambient,9,0,M,75,
6125,6125_144_9,ambient,9,1,I,144,
6127,6127_37_9,ambient,9,0,I,37,
6130,6130_47_9,ambient,9,0,I,47,
6131,6131_38_9,ambient,9,0,I,38,
6134,6134_77_9,ambient,9,1,I,77,
6135,6135_4_9,ambient,9,1,M,4,
6136,6136_91_9,ambient,9,0,M,91,
6137,6137_81_9,ambient,9,1,I,81,
6139,6139_104_9,ambient,9,3,M,104,
6142,6142_65_9,ambient,9,0,I,65,
6143,6143_10_9,ambient,9,0,M,10,
6144,6144_14_9,ambient,9,1,I,14,
6145,6145_59_9,ambient,9,1,I,59,
6146,6146_12_9,ambient,9,0,I,12,
6150,6150_119_9,ambient,9,0,M,119,
6152,6152_32_9,ambient,9,0,M,32,
6155,6155_66_9,ambient,9,1,I,66,
6158,6158_101_9,ambient,9,1,I,101,
6159,6159_26_9,ambient,9,1,I,26,
6161,6161_53_9,ambient,9,0,M,53,
6165,6165_55_9,ambient,9,0,I,55,
6166,6166_21_9,ambient,9,0,I,21,
6168,6168_27_9,ambient,9,1,I,27,
6169,6169_57_9,ambient,9,1,I,57,
6170,6170_70_9,ambient,9,1,I,70,
6176,6176_48_9,ambient,9,0,M,48,
6179,6179_34_9,ambient,9,0,M,34,
6181,6181_175_9,ambient,9,0,I,175,
6182,6182_137_9,ambient,9,1,I,137,
6183,6183_141_9,ambient,9,1,I,141,
6184,6184_148_9,ambient,9,1,I,148,
6185,6185_145_9,ambient,9,0,I,145,
6186,6186_171_9,ambient,9,0,I,171,
6192,6192_178_9,ambient,9,1,I,178,
6193,6193_174_9,ambient,9,1,I,174,
6195,6195_150_9,ambient,9,1,I,150,
6201,6201_163_9,ambient,9,1,I,163,
6202,6202_109_9,ambient,9,1,I,109,
6205,6205_121_9,ambient,9,0,I,121,
6206,6206_103_9,ambient,9,1,I,103,
6211,6211_118_9,ambient,9,1,I,118,
6212,6212_132_9,ambient,9,1,I,132,
6213,6213_108_9,ambient,9,0,I,108,
6214,6214_107_9,ambient,9,1,I,107,
6241,6241_62_9,ambient,9,1,I,62,
6252,6252_99_9,ambient,9,3,M,99,
6272,6272_111_9,ambient,9,0,I,111,
6276,6276_50_9,ambient,9,0,I,50,
6101,6101_84_9,cold,9,0,I,84,
6102,6102_18_9,cold,9,0,I,18,
6103,6103_46_9,cold,9,1,I,46,
6104,6104_41_9,cold,9,0,I,41,
6105,6105_43_9,cold,9,1,I,43,
6106,6106_5_9,cold,9,0,M,5,
6108,6108_6_9,cold,9,1,I,6,
6113,6113_78_9,cold,9,0,I,78,
6116,6116_76_9,cold,9,1,I,76,
6117,6117_42_9,cold,9,0,I,42,
6118,6118_87_9,cold,9,1,I,87,
6119,6119_153_9,cold,9,0,I,153,
6120,6120_165_9,cold,9,1,I,165,
6126,6126_79_9,cold,9,1,I,79,
6128,6128_112_9,cold,9,1,I,112,
6132,6132_88_9,cold,9,0,I,88,
6133,6133_36_9,cold,9,0,I,36,
6138,6138_80_9,cold,9,0,I,80,
6140,6140_8_9,cold,9,1,I,8,
6141,6141_123_9,cold,9,1,I,123,
6147,6147_30_9,cold,9,0,I,30,
6148,6148_56_9,cold,9,1,I,56,
6149,6149_64_9,cold,9,1,I,64,
6151,6151_19_9,cold,9,1,I,19,
6153,6153_11_9,cold,9,0,M,11,
6154,6154_68_9,cold,9,0,I,68,
6156,6156_24_9,cold,9,0,I,24,
6157,6157_169_9,cold,9,0,M,169,
6160,6160_7_9,cold,9,0,M,7,
6162,6162_61_9,cold,9,1,I,61,
6163,6163_130_9,cold,9,1,I,130,
6164,6164_71_9,cold,9,1,I,71,
6167,6167_45_9,cold,9,0,I,45,
6171,6171_73_9,cold,9,0,I,73,
6172,"6172_60,_9",cold,9,0,M,"60, 100",
6173,6173_63_9,cold,9,1,I,63,
6174,6174_20_9,cold,9,1,I,20,
6175,6175_67_9,cold,9,0,I,67,
6177,6177_54_9,cold,9,1,I,54,
6178,6178_124_9,cold,9,0,M,124,
6187,6187_158_9,cold,9,1,I,158,
6188,6188_172_9,cold,9,1,I,172,
6189,6189_176_9,cold,9,0,I,176,
6190,6190_101_9,cold,9,3,M,101,
6191,6191_95_9,cold,9,0,I,95,
6194,6194_98_9,cold,9,0,M,98,
6196,6196_170_9,cold,9,1,I,170,
6197,6197_161_9,cold,9,0,M,161,
6198,6198_154_9,cold,9,1,I,154,
6199,6199_151_9,cold,9,1,I,151,
6200,6200_94_9,cold,9,3,M,94,
6203,6203_113_9,cold,9,0,M,113,
6204,6204_114_9,cold,9,3,M,114,
6207,6207_128_9,cold,9,1,I,128,
6208,6208_106_9,cold,9,1,I,106,
6209,6209_125_9,cold,9,1,I,125,
6215,6215_23_9,cold,9,1,I,23,
6277,6277_177_9,cold,9,0,I,177,
6278,6278_147_9,cold,9,1,I,147,
6279,6279_13_9,cold,9,1,I,13,
6129,6129_86_9,warm,9,1,I,86,
6180,6180_149_9,warm,9,0,I,149,
6210,6210_120_9,warm,9,1,I,120,
6216,6216_40_9,warm,9,0,I,40,
6217,6217_129_9,warm,9,0,I,129,
6218,6218_93_9,warm,9,3,I,93,
6219,6219_116_9,warm,9,1,I,116,
6220,6220_162_9,warm,9,1,I,162,
6221,6221_16_9,warm,9,1,I,16,
6222,6222_1_9,warm,9,0,M,1,
6223,6223_44_9,warm,9,0,M,44,
6224,6224_74_9,warm,9,1,I,74,
6225,6225_92_9,warm,9,1,I,92,
6226,6226_85_9,warm,9,0,I,85,
6227,6227_83_9,warm,9,1,I,83,
6228,6228_29_9,warm,9,0,I,29,
6229,6229_89_9,warm,9,0,I,89,
6230,6230_22_9,warm,9,0,M,22,
6231,6231_102_9,warm,9,1,I,102,
6232,6232_52_9,warm,9,0,M,52,
6233,6233_117_9,warm,9,1,I,117,
6234,6234_2_9,warm,9,0,I,2,
6235,6235_35_9,warm,9,0,I,35,
6236,6236_157_9,warm,9,0,I,157,
6237,6237_17_9,warm,9,1,I,17,
6238,6238_9_9,warm,9,0,M,9,
6239,6239_166_9,warm,9,1,I,166,
6240,6240_134_9,warm,9,1,I,134,
6242,6242_39_9,warm,9,0,M,39,
6243,6243_173_9,warm,9,1,I,173,
6244,6244_58_9,warm,9,1,I,58,
6245,6245_126_9,warm,9,1,I,126,
6246,6246_3_9,warm,9,0,I,3,
6247,6247_152_9,warm,9,0,I,152,
6248,6248_49_9,warm,9,0,I,49,
6249,6249_96_9,warm,9,1,I,96,
6250,6250_72_9,warm,9,1,I,72,
6251,6251_167_9,warm,9,1,I,167,
6253,6253_25_9,warm,9,0,I,25,
6254,6254_69_9,warm,9,0,I,69,
6255,6255_143_9,warm,9,1,I,143,
6256,6256_146_9,warm,9,1,I,146,
6257,6257_138_9,warm,9,1,I,138,
6258,6258_140_9,warm,9,3,M,140,
6259,6259_139_9,warm,9,0,M,139,
6260,6260_136_9,warm,9,0,M,136,
6261,6261_164_9,warm,9,1,I,164,
6262,6262_168_9,warm,9,1,I,168,
6263,6263_179_9,warm,9,1,I,179,
6264,6264_180_9,warm,9,0,I,180,
6265,6265_155_9,warm,9,0,I,155,
6266,6266_156_9,warm,9,1,I,156,
6267,6267_159_9,warm,9,1,I,159,
6268,6268_97_9,warm,9,0,I,97,
6269,6269_160_9,warm,9,1,I,160,
6270,6270_131_9,warm,9,0,M,131,
6271,6271_105_9,warm,9,0,M,105,
6273,6273_127_9,warm,9,1,I,127,
6274,6274_122_9,warm,9,1,I,122,
6275,6275_110_9,warm,9,3,M,110,
6107,6107_350_12,ambient,12,0,M,350,
6109,6109_351_12,ambient,12,0,I,351,
6110,6110_331_12,ambient,12,0,I,331,
6111,6111_356_12,ambient,12,1,I,356,
6112,6112_317_12,ambient,12,0,I,317,
6114,6114_326_12,ambient,12,1,I,326,
6115,6115_307_12,ambient,12,1,I,307,
6121,6121_352_12,ambient,12,1,I,352,
6122,6122_325_12,ambient,12,1,I,325,
6123,6123_345_12,ambient,12,0,I,345,
6124,6124_347_12,ambient,12,0,M,347,
6125,6125_303_12,ambient,12,1,I,303,
6127,6127_335_12,ambient,12,0,I,335,
6130,6130_339_12,ambient,12,0,I,339,
6131,6131_314_12,ambient,12,0,I,314,
6134,6134_353_12,ambient,12,1,I,353,
6135,6135_327_12,ambient,12,1,M,327,
6136,6136_321_12,ambient,12,0,M,321,
6137,6137_301_12,ambient,12,1,I,301,
6139,6139_332_12,ambient,12,3,M,332,
6142,6142_346_12,ambient,12,0,I,346,
6143,6143_343_12,ambient,12,0,M,343,
6144,6144_348_12,ambient,12,1,I,348,
6145,6145_305_12,ambient,12,1,I,305,
6146,6146_309_12,ambient,12,0,I,309,
6150,6150_312_12,ambient,12,0,M,312,
6152,6152_344_12,ambient,12,0,M,344,
6155,6155_358_12,ambient,12,1,I,358,
6158,6158_324_12,ambient,12,1,I,324,
6159,6159_313_12,ambient,12,1,I,313,
6161,6161_302_12,ambient,12,0,M,302,
6165,6165_360_12,ambient,12,0,I,360,
6166,6166_349_12,ambient,12,0,I,349,
6168,6168_357_12,ambient,12,1,I,357,
6169,6169_328_12,ambient,12,1,I,328,
6170,6170_320_12,ambient,12,1,I,320,
6176,6176_329_12,ambient,12,0,M,329,
6179,6179_315_12,ambient,12,0,M,315,
6181,6181_355_12,ambient,12,0,I,355,
6182,6182_354_12,ambient,12,1,I,354,
6183,6183_322_12,ambient,12,1,I,322,
6184,6184_318_12,ambient,12,1,I,318,
6185,6185_336_12,ambient,12,0,I,336,
6186,6186_306_12,ambient,12,0,I,306,
6192,6192_359_12,ambient,12,1,I,359,
6193,6193_333_12,ambient,12,1,I,333,
6195,6195_304_12,ambient,12,1,I,304,
6201,6201_341_12,ambient,12,1,I,341,
6202,6202_337_12,ambient,12,1,I,337,
6205,6205_342_12,ambient,12,0,I,342,
6206,6206_319_12,ambient,12,1,I,319,
6211,6211_349_12,ambient,12,1,I,349,
6212,6212_334_12,ambient,12,1,I,334,
6213,6213_310_12,ambient,12,0,I,310,
6214,6214_311_12,ambient,12,1,I,311,
6241,6241_323_12,ambient,12,1,I,323,
6252,6252_330_12,ambient,12,3,M,330,
6272,6272_338_12,ambient,12,0,I,338,
6101,6101_206_12,cold,12,0,I,206,
6102,6102_236_12,cold,12,0,I,236,
6103,6103_215_12,cold,12,1,I,215,
6104,6104_259_12,cold,12,0,I,259,
6105,6105_234_12,cold,12,1,I,234,
6106,6106_241_12,cold,12,0,M,241,
6108,6108_255_12,cold,12,1,I,255,
6113,6113_214_12,cold,12,0,I,214,
6116,6116_212_12,cold,12,1,I,212,
6117,6117_225_12,cold,12,0,I,225,
6118,6118_240_12,cold,12,1,I,240,
6119,6119_258_12,cold,12,0,I,258,
6120,6120_248_12,cold,12,1,I,248,
6126,6126_201_12,cold,12,1,I,201,
6128,6128_231_12,cold,12,1,I,231,
6132,6132_205_12,cold,12,0,I,205,
6133,6133_223_12,cold,12,0,I,223,
6138,6138_247_12,cold,12,0,I,247,
6140,6140_237_12,cold,12,1,I,237,
6141,6141_249_12,cold,12,1,I,249,
6147,6147_204_12,cold,12,0,I,204,
6148,6148_213_12,cold,12,1,I,213,
6149,6149_226_12,cold,12,1,I,226,
6151,6151_243_12,cold,12,1,I,243,
6153,6153_209_12,cold,12,0,M,209,
6154,6154_232_12,cold,12,0,I,232,
6156,6156_242_12,cold,12,0,I,242,
6157,6157_224_12,cold,12,0,M,224,
6160,6160_238_12,cold,12,0,M,238,
6162,6162_220_12,cold,12,1,I,220,
6163,6163_228_12,cold,12,1,I,228,
6164,6164_257_12,cold,12,1,I,257,
6167,6167_207_12,cold,12,0,I,207,
6171,6171_221_12,cold,12,0,I,221,
6172,6172_316_12,cold,12,0,M,316,
6173,6173_210_12,cold,12,1,I,210,
6174,6174_233_12,cold,12,1,I,233,
6175,6175_246_12,cold,12,0,I,246,
6177,6177_250_12,cold,12,1,I,250,
6178,6178_218_12,cold,12,0,M,218,
6187,6187_239_12,cold,12,1,I,239,
6188,6188_245_12,cold,12,1,I,245,
6189,6189_216_12,cold,12,0,I,216,
6190,6190_256_12,cold,12,3,M,256,
6191,6191_227_12,cold,12,0,I,227,
6194,6194_235_12,cold,12,0,M,235,
6196,6196_203_12,cold,12,1,I,203,
6197,6197_244_12,cold,12,0,M,244,
6198,6198_230_12,cold,12,1,I,230,
6199,6199_254_12,cold,12,1,I,254,
6200,6200_208_12,cold,12,3,M,208,
6203,6203_222_12,cold,12,0,M,222,
6204,6204_252_12,cold,12,3,M,252,
6207,6207_202_12,cold,12,1,I,202,
6208,6208_229_12,cold,12,1,I,229,
6209,6209_251_12,cold,12,1,I,251,
6215,6215_253_12,cold,12,1,#N/A,253,
6278,6278__12,cold,12,1,I,,
6279,6279_219_12,cold,12,1,I,219,
6129,6129_299_12,warm,12,1,I,299,
6180,6180_370_12,warm,12,0,I,370,
6210,6210_274_12,warm,12,1,I,274,
6216,6216_267_12,warm,12,0,I,267,
6217,6217_285_12,warm,12,0,I,285,
6218,6218_373_12,warm,12,3,I,373,
6219,6219_276_12,warm,12,1,I,276,
6220,6220_293_12,warm,12,1,I,293,
6221,6221_380_12,warm,12,1,I,380,
6222,6222_266_12,warm,12,0,M,266,
6223,6223_270_12,warm,12,0,M,270,
6224,6224_277_12,warm,12,1,I,277,
6225,6225_298_12,warm,12,1,I,298,
6226,6226_260_12,warm,12,0,I,260,
6227,6227_366_12,warm,12,1,I,366,
6228,6228_290_12,warm,12,0,I,290,
6229,6229_379_12,warm,12,0,I,379,
6230,6230_292_12,warm,12,0,M,292,
6231,6231_278_12,warm,12,1,I,278,
6232,6232_286_12,warm,12,0,M,286,
6233,6233_371_12,warm,12,1,I,371,
6234,6234_263_12,warm,12,0,I,263,
6235,6235_297_12,warm,12,0,I,297,
6236,6236_361_12,warm,12,0,I,361,
6237,6237_271_12,warm,12,1,I,271,
6238,6238_375_12,warm,12,0,M,375,
6239,6239_291_12,warm,12,1,I,291,
6240,6240_362_12,warm,12,1,I,362,
6242,6242_377_12,warm,12,0,M,377,
6243,6243_272_12,warm,12,1,I,272,
6244,6244_284_12,warm,12,1,I,284,
6245,6245_365_12,warm,12,1,I,365,
6246,6246_265_12,warm,12,0,I,265,
6247,6247_287_12,warm,12,0,I,287,
6248,6248_378_12,warm,12,0,I,378,
6249,6249_279_12,warm,12,1,I,279,
6250,6250_294_12,warm,12,1,I,294,
6251,6251_376_12,warm,12,1,I,376,
6253,6253_275_12,warm,12,0,I,275,
6254,6254_296_12,warm,12,0,I,296,
6255,6255_262_12,warm,12,1,I,262,
6256,6256_283_12,warm,12,1,I,283,
6257,6257_363_12,warm,12,1,I,363,
6258,6258_261_12,warm,12,3,M,261,
6259,6259_281_12,warm,12,0,M,281,
6260,6260_374_12,warm,12,0,M,374,
6261,6261_273_12,warm,12,1,I,273,
6262,6262_289_12,warm,12,1,I,289,
6263,6263_368_12,warm,12,1,I,368,
6264,6264_268_12,warm,12,0,I,268,
6265,6265_282_12,warm,12,0,I,282,
6266,6266_264_12,warm,12,1,I,264,
6267,6267_288_12,warm,12,1,I,288,
6268,6268_369_12,warm,12,0,I,369,
6269,6269_364_12,warm,12,1,I,364,
6270,6270_269_12,warm,12,0,M,269,
6271,6271_295_12,warm,12,0,M,295,
6273,6273_280_12,warm,12,1,I,280,
6274,6274_367_12,warm,12,1,I,367,
6275,6275_372_12,warm,12,3,M,372,
6107,6107_471_26,ambient,26,0,M,471,471-1
6109,6109_480_26,ambient,26,0,I,480,480-1
6110,6110_488_26,ambient,26,0,I,488,488-1
6111,6111_468_26,ambient,26,1,I,468,468-1
6112,6112_499_26,ambient,26,0,I,499,499-1
6114,6114_484_26,ambient,26,1,I,484,484-1
6115,6115_514_26,ambient,26,1,I,514,514-1
6121,6121_472_26,ambient,26,1,I,472,472-1
6122,6122_489_26,ambient,26,1,I,489,489-1
6123,6123_473_26,ambient,26,0,I,473,473-1
6124,6124_464_26,ambient,26,0,M,464,464-1
6125,6125_503_26,ambient,26,1,I,503,503-1
6127,6127_497_26,ambient,26,0,I,497,497-1
6130,6130_498_26,ambient,26,0,I,498,498-1
6131,6131_507_26,ambient,26,0,I,507,507-1
6134,6134_465_26,ambient,26,1,I,465,465-1
6135,6135_492_26,ambient,26,1,M,492,492-1
6136,6136_491_26,ambient,26,0,M,491,491-1
6137,6137_500_26,ambient,26,1,I,500,500-1
6139,6139_493_26,ambient,26,3,M,493,493-1
6142,6142_474_26,ambient,26,0,I,474,474-1
6143,6143_479_26,ambient,26,0,M,479,479-1
6144,6144_477_26,ambient,26,1,I,477,477-1
6145,6145_505_26,ambient,26,1,I,505,505-1
6146,6146_502_26,ambient,26,0,I,502,502-1
6150,6150_511_26,ambient,26,0,M,511,511-1
6152,6152_467_26,ambient,26,0,M,467,467-1
6155,6155_476_26,ambient,26,1,I,476,476-1
6158,6158_483_26,ambient,26,1,I,483,483-1
6159,6159_508_26,ambient,26,1,I,508,508-1
6161,6161_512_26,ambient,26,0,M,512,512-1
6165,6165_469_26,ambient,26,0,I,469,469-1
6166,6166_496_26,ambient,26,0,I,496,496-1
6168,6168_466_26,ambient,26,1,I,466,466-1
6169,6169_486_26,ambient,26,1,I,486,486-1
6170,6170_516_26,ambient,26,1,I,516,516-1
6176,6176_490_26,ambient,26,0,M,490,490-1
6179,6179_515_26,ambient,26,0,M,515,515-1
6181,6181_470_26,ambient,26,0,I,470,470-1
6182,6182_462_26,ambient,26,1,I,462,462-1
6183,6183_494_26,ambient,26,1,I,494,494-1
6184,6184_513_26,ambient,26,1,I,513,513-1
6185,6185_487_26,ambient,26,0,I,487,487-1
6186,6186_510_26,ambient,26,0,I,510,510-1
6192,6192_463_26,ambient,26,1,I,463,463-1
6193,6193_482_26,ambient,26,1,I,482,482-1
6195,6195_501_26,ambient,26,1,I,501,501-1
6201,6201_478_26,ambient,26,1,I,478,478-1
6202,6202_495_26,ambient,26,1,I,495,495-1
6205,6205_475_26,ambient,26,0,I,475,475-1
6206,6206_509_26,ambient,26,1,I,509,509-1
6211,6211_481_26,ambient,26,1,I,481,481-1
6212,6212_485_26,ambient,26,1,I,485,485-1
6213,6213_506_26,ambient,26,0,I,506,506-1
6214,6214_504_26,ambient,26,1,I,504,504-1
6107,6107_471_26,ambient,26,0,M,471,471-2
6109,6109_480_26,ambient,26,0,I,480,480-2
6110,6110_488_26,ambient,26,0,I,488,488-2
6111,6111_468_26,ambient,26,1,I,468,468-2
6112,6112_499_26,ambient,26,0,I,499,499-2
6114,6114_484_26,ambient,26,1,I,484,484-2
6115,6115_514_26,ambient,26,1,I,514,514-2
6121,6121_472_26,ambient,26,1,I,472,472-2
6122,6122_489_26,ambient,26,1,I,489,489-2
6123,6123_473_26,ambient,26,0,I,473,473-2
6124,6124_464_26,ambient,26,0,M,464,464-2
6125,6125_503_26,ambient,26,1,I,503,503-2
6127,6127_497_26,ambient,26,0,I,497,497-2
6130,6130_498_26,ambient,26,0,I,498,498-2
6131,6131_507_26,ambient,26,0,I,507,507-2
6134,6134_465_26,ambient,26,1,I,465,465-2
6135,6135_492_26,ambient,26,1,M,492,492-2
6136,6136_491_26,ambient,26,0,M,491,491-2
6137,6137_500_26,ambient,26,1,I,500,500-2
6139,6139_493_26,ambient,26,3,M,493,493-2
6142,6142_474_26,ambient,26,0,I,474,474-2
6143,6143_479_26,ambient,26,0,M,479,479-2
6144,6144_477_26,ambient,26,1,I,477,477-2
6145,6145_505_26,ambient,26,1,I,505,505-2
6146,6146_502_26,ambient,26,0,I,502,502-2
6150,6150_511_26,ambient,26,0,M,511,511-2
6152,6152_467_26,ambient,26,0,M,467,467-2
6155,6155_476_26,ambient,26,1,I,476,476-2
6158,6158_483_26,ambient,26,1,I,483,483-2
6159,6159_508_26,ambient,26,1,I,508,508-2
6161,6161_512_26,ambient,26,0,M,512,512-2
6165,6165_469_26,ambient,26,0,I,469,469-2
6166,6166_496_26,ambient,26,0,I,496,496-2
6168,6168_466_26,ambient,26,1,I,466,466-2
6169,6169_486_26,ambient,26,1,I,486,486-2
6170,6170_516_26,ambient,26,1,I,516,516-2
6176,6176_490_26,ambient,26,0,M,490,490-2
6179,6179_515_26,ambient,26,0,M,515,515-2
6181,6181_470_26,ambient,26,0,I,470,470-2
6182,6182_462_26,ambient,26,1,I,462,462-2
6183,6183_494_26,ambient,26,1,I,494,494-2
6184,6184_513_26,ambient,26,1,I,513,513-2
6185,6185_487_26,ambient,26,0,I,487,487-2
6186,6186_510_26,ambient,26,0,I,510,510-2
6192,6192_463_26,ambient,26,1,I,463,463-2
6193,6193_482_26,ambient,26,1,I,482,482-2
6195,6195_501_26,ambient,26,1,I,501,501-2
6201,6201_478_26,ambient,26,1,I,478,478-2
6202,6202_495_26,ambient,26,1,I,495,495-2
6205,6205_475_26,ambient,26,0,I,475,475-2
6206,6206_509_26,ambient,26,1,I,509,509-2
6211,6211_481_26,ambient,26,1,I,481,481-2
6212,6212_485_26,ambient,26,1,I,485,485-2
6213,6213_506_26,ambient,26,0,I,506,506-2
6214,6214_504_26,ambient,26,1,I,504,504-2
6107,6107_471_26,ambient,26,0,M,471,471-3
6109,6109_480_26,ambient,26,0,I,480,480-3
6110,6110_488_26,ambient,26,0,I,488,488-3
6111,6111_468_26,ambient,26,1,I,468,468-3
6112,6112_499_26,ambient,26,0,I,499,499-3
6114,6114_484_26,ambient,26,1,I,484,484-3
6115,6115_514_26,ambient,26,1,I,514,514-3
6121,6121_472_26,ambient,26,1,I,472,472-3
6122,6122_489_26,ambient,26,1,I,489,489-3
6123,6123_473_26,ambient,26,0,I,473,473-3
6124,6124_464_26,ambient,26,0,M,464,464-3
6125,6125_503_26,ambient,26,1,I,503,503-3
6127,6127_497_26,ambient,26,0,I,497,497-3
6130,6130_498_26,ambient,26,0,I,498,498-3
6131,6131_507_26,ambient,26,0,I,507,507-3
6134,6134_465_26,ambient,26,1,I,465,465-3
6135,6135_492_26,ambient,26,1,M,492,492-3
6136,6136_491_26,ambient,26,0,M,491,491-3
6137,6137_500_26,ambient,26,1,I,500,500-3
6139,6139_493_26,ambient,26,3,M,493,493-3
6142,6142_474_26,ambient,26,0,I,474,474-3
6143,6143_479_26,ambient,26,0,M,479,479-3
6144,6144_477_26,ambient,26,1,I,477,477-3
6145,6145_505_26,ambient,26,1,I,505,505-3
6146,6146_502_26,ambient,26,0,I,502,502-3
6150,6150_511_26,ambient,26,0,M,511,511-3
6152,6152_467_26,ambient,26,0,M,467,467-3
6155,6155_476_26,ambient,26,1,I,476,476-3
6158,6158_483_26,ambient,26,1,I,483,483-3
6159,6159_508_26,ambient,26,1,I,508,508-3
6161,6161_512_26,ambient,26,0,M,512,512-3
6165,6165_469_26,ambient,26,0,I,469,469-3
6166,6166_496_26,ambient,26,0,I,496,496-3
6168,6168_466_26,ambient,26,1,I,466,466-3
6169,6169_486_26,ambient,26,1,I,486,486-3
6170,6170_516_26,ambient,26,1,I,516,516-3
6176,6176_490_26,ambient,26,0,M,490,490-3
6179,6179_515_26,ambient,26,0,M,515,515-3
6181,6181_470_26,ambient,26,0,I,470,470-3
6182,6182_462_26,ambient,26,1,I,462,462-3
6183,6183_494_26,ambient,26,1,I,494,494-3
6184,6184_513_26,ambient,26,1,I,513,513-3
6185,6185_487_26,ambient,26,0,I,487,487-3
6186,6186_510_26,ambient,26,0,I,510,510-3
6192,6192_463_26,ambient,26,1,I,463,463-3
6193,6193_482_26,ambient,26,1,I,482,482-3
6195,6195_501_26,ambient,26,1,I,501,501-3
6201,6201_478_26,ambient,26,1,I,478,478-3
6202,6202_495_26,ambient,26,1,I,495,495-3
6205,6205_475_26,ambient,26,0,I,475,475-3
6206,6206_509_26,ambient,26,1,I,509,509-3
6211,6211_481_26,ambient,26,1,I,481,481-3
6212,6212_485_26,ambient,26,1,I,485,485-3
6213,6213_506_26,ambient,26,0,I,506,506-3
6214,6214_504_26,ambient,26,1,I,504,504-3
6101,6101_415_26,cold,26,0,I,415,415-1
6102,6102_439_26,cold,26,0,I,439,439-1
6103,6103_409_26,cold,26,1,I,409,409-1
6104,6104_458_26,cold,26,0,I,458,458-1
6105,6105_438_26,cold,26,1,I,438,438-1
6106,6106_450_26,cold,26,0,M,450,450-1
6108,6108_455_26,cold,26,1,I,455,455-1
6113,6113_419_26,cold,26,0,I,419,419-1
6116,6116_417_26,cold,26,1,I,417,417-1
6117,6117_440_26,cold,26,0,I,440,440-1
6118,6118_430_26,cold,26,1,I,430,430-1
6119,6119_461_26,cold,26,0,I,461,461-1
6120,6120_459_26,cold,26,1,I,459,459-1
6126,6126_418_26,cold,26,1,I,418,418-1
6128,6128_441_26,cold,26,1,I,441,441-1
6132,6132_406_26,cold,26,0,I,406,406-1
6133,6133_434_26,cold,26,0,I,434,434-1
6138,6138_453_26,cold,26,0,I,453,453-1
6140,6140_429_26,cold,26,1,I,429,429-1
6141,6141_451_26,cold,26,1,I,451,451-1
6147,6147_421_26,cold,26,0,I,421,421-1
6148,6148_405_26,cold,26,1,I,405,405-1
6149,6149_437_26,cold,26,1,I,437,437-1
6151,6151_454_26,cold,26,1,I,454,454-1
6153,6153_404_26,cold,26,0,M,404,404-1
6154,6154_436_26,cold,26,0,I,436,436-1
6156,6156_446_26,cold,26,0,I,446,446-1
6157,6157_423_26,cold,26,0,M,423,423-1
6160,6160_426_26,cold,26,0,M,426,426-1
6162,6162_407_26,cold,26,1,I,407,407-1
6163,6163_424_26,cold,26,1,I,424,424-1
6164,6164_460_26,cold,26,1,I,460,460-1
6167,6167_414_26,cold,26,0,I,414,414-1
6171,6171_427_26,cold,26,0,I,427,427-1
6172,6172_517_26,cold,26,0,M,517,517-1
6173,6173_420_26,cold,26,1,I,420,420-1
6174,6174_433_26,cold,26,1,I,433,433-1
6175,6175_447_26,cold,26,0,I,447,447-1
6177,6177_456_26,cold,26,1,I,456,456-1
6178,6178_410_26,cold,26,0,M,410,410-1
6187,6187_431_26,cold,26,1,I,431,431-1
6188,6188_443_26,cold,26,1,I,443,443-1
6189,6189_422_26,cold,26,0,I,422,422-1
6190,6190_452_26,cold,26,3,M,452,452-1
6191,6191_442_26,cold,26,0,I,442,442-1
6194,6194_432_26,cold,26,0,M,432,432-1
6196,6196_408_26,cold,26,1,I,408,408-1
6197,6197_449_26,cold,26,0,M,449,449-1
6198,6198_428_26,cold,26,1,I,428,428-1
6199,6199_445_26,cold,26,1,I,445,445-1
6200,6200_416_26,cold,26,3,M,416,416-1
6203,6203_425_26,cold,26,0,M,425,425-1
6204,6204_448_26,cold,26,3,M,448,448-1
6207,6207_412_26,cold,26,1,I,412,412-1
6208,6208_435_26,cold,26,1,I,435,435-1
6209,6209_444_26,cold,26,1,I,444,444-1
6215,6215_457_26,cold,26,1,#N/A,457,457-1
6278,6278_413_26,cold,26,1,I,413,413-1
6279,6279_411_26,cold,26,1,I,411,411-1
6101,6101_415_26,cold,26,0,I,415,415-2
6102,6102_439_26,cold,26,0,I,439,439-2
6103,6103_409_26,cold,26,1,I,409,409-2
6104,6104_458_26,cold,26,0,I,458,458-2
6105,6105_438_26,cold,26,1,I,438,438-2
6106,6106_450_26,cold,26,0,M,450,450-2
6108,6108_455_26,cold,26,1,I,455,455-2
6113,6113_419_26,cold,26,0,I,419,419-2
6116,6116_417_26,cold,26,1,I,417,417-2
6117,6117_440_26,cold,26,0,I,440,440-2
6118,6118_430_26,cold,26,1,I,430,430-2
6119,6119_461_26,cold,26,0,I,461,461-2
6120,6120_459_26,cold,26,1,I,459,459-2
6126,6126_418_26,cold,26,1,I,418,418-2
6128,6128_441_26,cold,26,1,I,441,441-2
6132,6132_406_26,cold,26,0,I,406,406-2
6133,6133_434_26,cold,26,0,I,434,434-2
6138,6138_453_26,cold,26,0,I,453,453-2
6140,6140_429_26,cold,26,1,I,429,429-2
6141,6141_451_26,cold,26,1,I,451,451-2
6147,6147_421_26,cold,26,0,I,421,421-2
6148,6148_405_26,cold,26,1,I,405,405-2
6149,6149_437_26,cold,26,1,I,437,437-2
6151,6151_454_26,cold,26,1,I,454,454-2
6153,6153_404_26,cold,26,0,M,404,404-2
6154,6154_436_26,cold,26,0,I,436,436-2
6156,6156_446_26,cold,26,0,I,446,446-2
6157,6157_423_26,cold,26,0,M,423,423-2
6160,6160_426_26,cold,26,0,M,426,426-2
6162,6162_407_26,cold,26,1,I,407,407-2
6163,6163_424_26,cold,26,1,I,424,424-2
6164,6164_460_26,cold,26,1,I,460,460-2
6167,6167_414_26,cold,26,0,I,414,414-2
6171,6171_427_26,cold,26,0,I,427,427-2
6172,6172_517_26,cold,26,0,M,517,517-2
6173,6173_420_26,cold,26,1,I,420,420-2
6174,6174_433_26,cold,26,1,I,433,433-2
6175,6175_447_26,cold,26,0,I,447,447-2
6177,6177_456_26,cold,26,1,I,456,456-2
6178,6178_410_26,cold,26,0,M,410,410-2
6187,6187_431_26,cold,26,1,I,431,431-2
6188,6188_443_26,cold,26,1,I,443,443-2
6189,6189_422_26,cold,26,0,I,422,422-2
6190,6190_452_26,cold,26,3,M,452,452-2
6191,6191_442_26,cold,26,0,I,442,442-2
6194,6194_432_26,cold,26,0,M,432,432-2
6196,6196_408_26,cold,26,1,I,408,408-2
6197,6197_449_26,cold,26,0,M,449,449-2
6198,6198_428_26,cold,26,1,I,428,428-2
6199,6199_445_26,cold,26,1,I,445,445-2
6200,6200_416_26,cold,26,3,M,416,416-2
6203,6203_425_26,cold,26,0,M,425,425-2
6204,6204_448_26,cold,26,3,M,448,448-2
6207,6207_412_26,cold,26,1,I,412,412-2
6208,6208_435_26,cold,26,1,I,435,435-2
6209,6209_444_26,cold,26,1,I,444,444-2
6215,6215_457_26,cold,26,1,#N/A,457,457-2
6278,6278_413_26,cold,26,1,I,413,413-2
6279,6279_411_26,cold,26,1,I,411,411-2
6101,6101_415_26,cold,26,0,I,415,415-3
6102,6102_439_26,cold,26,0,I,439,439-3
6103,6103_409_26,cold,26,1,I,409,409-3
6104,6104_458_26,cold,26,0,I,458,458-3
6105,6105_438_26,cold,26,1,I,438,438-3
6106,6106_450_26,cold,26,0,M,450,450-3
6108,6108_455_26,cold,26,1,I,455,455-3
6113,6113_419_26,cold,26,0,I,419,419-3
6116,6116_417_26,cold,26,1,I,417,417-3
6117,6117_440_26,cold,26,0,I,440,440-3
6118,6118_430_26,cold,26,1,I,430,430-3
6119,6119_461_26,cold,26,0,I,461,461-3
6120,6120_459_26,cold,26,1,I,459,459-3
6126,6126_418_26,cold,26,1,I,418,418-3
6128,6128_441_26,cold,26,1,I,441,441-3
6132,6132_406_26,cold,26,0,I,406,406-3
6133,6133_434_26,cold,26,0,I,434,434-3
6138,6138_453_26,cold,26,0,I,453,453-3
6140,6140_429_26,cold,26,1,I,429,429-3
6141,6141_451_26,cold,26,1,I,451,451-3
6147,6147_421_26,cold,26,0,I,421,421-3
6148,6148_405_26,cold,26,1,I,405,405-3
6149,6149_437_26,cold,26,1,I,437,437-3
6151,6151_454_26,cold,26,1,I,454,454-3
6153,6153_404_26,cold,26,0,M,404,404-3
6154,6154_436_26,cold,26,0,I,436,436-3
6156,6156_446_26,cold,26,0,I,446,446-3
6157,6157_423_26,cold,26,0,M,423,423-3
6160,6160_426_26,cold,26,0,M,426,426-3
6162,6162_407_26,cold,26,1,I,407,407-3
6163,6163_424_26,cold,26,1,I,424,424-3
6164,6164_460_26,cold,26,1,I,460,460-3
6167,6167_414_26,cold,26,0,I,414,414-3
6171,6171_427_26,cold,26,0,I,427,427-3
6172,6172_517_26,cold,26,0,M,517,517-3
6173,6173_420_26,cold,26,1,I,420,420-3
6174,6174_433_26,cold,26,1,I,433,433-3
6175,6175_447_26,cold,26,0,I,447,447-3
6177,6177_456_26,cold,26,1,I,456,456-3
6178,6178_410_26,cold,26,0,M,410,410-3
6187,6187_431_26,cold,26,1,I,431,431-3
6188,6188_443_26,cold,26,1,I,443,443-3
6189,6189_422_26,cold,26,0,I,422,422-3
6190,6190_452_26,cold,26,3,M,452,452-3
6191,6191_442_26,cold,26,0,I,442,442-3
6194,6194_432_26,cold,26,0,M,432,432-3
6196,6196_408_26,cold,26,1,I,408,408-3
6197,6197_449_26,cold,26,0,M,449,449-3
6198,6198_428_26,cold,26,1,I,428,428-3
6199,6199_445_26,cold,26,1,I,445,445-3
6200,6200_416_26,cold,26,3,M,416,416-3
6203,6203_425_26,cold,26,0,M,425,425-3
6204,6204_448_26,cold,26,3,M,448,448-3
6207,6207_412_26,cold,26,1,I,412,412-3
6208,6208_435_26,cold,26,1,I,435,435-3
6209,6209_444_26,cold,26,1,I,444,444-3
6215,6215_457_26,cold,26,1,#N/A,457,457-3
6278,6278_413_26,cold,26,1,I,413,413-3
6279,6279_411_26,cold,26,1,I,411,411-3
6129,6129_403_26,warm,26,1,I,403,403-1
6180,6180_402_26,warm,26,0,I,402,402-1
6210,6210_401_26,warm,26,1,I,401,401-1
6129,6129_403_26,warm,26,1,I,403,403-2
6180,6180_402_26,warm,26,0,I,402,402-2
6210,6210_401_26,warm,26,1,I,401,401-2
6129,6129_403_26,warm,26,1,I,403,403-3
6180,6180_402_26,warm,26,0,I,402,402-3
6210,6210_401_26,warm,26,1,I,401,401-3
6280,6280_tes_NA,NA,NA,3,NA,test1,
6281,6281_tes_NA,NA,NA,3,I,test2,
6282,6282_tes_NA,NA,NA,3,M,test3,
6129,6129_403_26,warm,26,1,I,403,403-4
6180,6180_402_26,warm,26,0,I,402,402-4
6210,6210_401_26,warm,26,1,I,401,401-4
6129,6129_403_26,warm,26,1,I,403,403-5
6180,6180_402_26,warm,26,0,I,402,402-5
6210,6210_401_26,warm,26,1,I,401,401-5
6129,6129_403_26,warm,26,1,I,403,403-6
6180,6180_402_26,warm,26,0,I,402,402-6
6210,6210_401_26,warm,26,1,I,401,401-6