year-FRP,FRP,sample_day,infection_status,maturity,Holding_Tank,Low_Tag,High_Tag,sample,treatment_tank,temperature_treatment,where,Tube_number,Comments,RNA-iso,,,CW,SC,CH,Imm/mat
2017-6101,6101,9,0,I,7A,3001,3035,,1,,drain end,84,,,,,115.7,3,20.4,I
2017-6101,6101,12,,,1C,3001,3035,,,,,206,,,,,115.7,3,20.4,I
2017-6101,6101,26,,,1C,3001,3035,,,,,415,,,,,115.7,3,20.4,I
2017-6102,6102,9,0,I,8A,3004,3219,,2,,drain end,18,,,,,110.4,4,15.4,I
2017-6102,6102,12,,,2C,3004,3219,,,,,236,,,,,110.4,4,15.4,I
2017-6102,6102,26,,,2C,3004,3219,,,,,439,,,,,110.4,4,15.4,I
2017-6103,6103,9,1,I,9A,3007,3119,,1,,drain end,46,3007/3291,,,,83.5,3,10.8,I
2017-6103,6103,12,,,1C,3007,3119,,,,,215,3007/3291,,,,83.5,3,10.8,I
2017-6103,6103,26,,,1C,3007,3119,,,,,409,,,,,83.5,3,10.8,I
2017-6104,6104,9,0,I,9A,3008,3472,,3,,drain end,41,,,,,81.6,3,11,I
2017-6104,6104,12,,,3C,3008,3472,,,,,259,,,,,81.6,3,11,I
2017-6104,6104,26,,,3C,3008,3472,,,,,458,,,,,81.6,3,11,I
2017-6105,6105,9,1,I,9A,3019,3504,,2,,drain end,43,,,,,119.8,3,19.2,I
2017-6105,6105,12,,,2C,3019,3504,,,,,234,,,,,119.8,3,19.2,I
2017-6105,6105,26,,,2C,3019,3504,,,,,438,,,,,119.8,3,19.2,I
2017-6106,6106,9,0,M,8A,3020,3509,,3,,drain end,5,,,,,113.8,3,20.5,M
2017-6106,6106,12,,,3C,3020,3509,,,,,241,,,,,113.8,3,20.5,M
2017-6106,6106,26,,,3C,3020,3509,,,,,450,,,,,113.8,3,20.5,M
2017-6107,6107,9,0,M,3C,3024,3597,,7,,drain end,115,,,,,132.9,4,29.7,M
2017-6107,6107,12,,,7A,3024,3597,,,,,350,,,,,132.9,4,29.7,M
2017-6107,6107,26,,,7A,3024,3597,,,,,471,,,,,132.9,4,29.7,M
2017-6108,6108,9,1,I,8A,3032,3442,,3,,drain end,6,,,,,131.9,3,19.6,I
2017-6108,6108,12,,,3C,3032,3442,,,,,255,,,,,131.9,3,19.6,I
2017-6108,6108,26,,,3C,3032,3442,,,,,455,,,,,131.9,3,19.6,I
2017-6109,6109,9,0,I,8A,3034,3217,,7,,drain end,31,,,,,128.8,3,18.9,I
2017-6109,6109,12,,,7A,3034,3217,,,,,351,,,,,128.8,3,18.9,I
2017-6109,6109,26,,,7A,3034,3217,,,,,480,,,,,128.8,3,18.9,I
2017-6110,6110,9,0,I,2C,3049,3337,,8,,drain end,135,,,,,123.4,0,19.2,I
2017-6110,6110,12,,,8A,3049,3337,,,,,331,,,,,123.4,0,19.2,I
2017-6110,6110,26,,,8A,3049,3337,,,,,488,,,,,123.4,0,19.2,I
2017-6111,6111,9,1,I,7A,3052,3115,,7,,drain end,90,,,,,116.8,3,16,I
2017-6111,6111,12,,,7A,3052,3115,,,,,356,,,,,116.8,3,16,I
2017-6111,6111,26,,,7A,3052,3115,,,,,468,,,,,116.8,3,16,I
2017-6112,6112,9,0,I,8A,3053,3116,,9,,drain end,28,,,,,115.9,4,17.1,I
2017-6112,6112,12,,,9A,3053,3116,,,,,317,,,,,115.9,4,17.1,I
2017-6112,6112,26,,,9A,3053,3116,,,,,499,,,,,115.9,4,17.1,I
2017-6113,6113,9,0,I,7A,3062,3121,,1,,drain end,78,,,,,126.5,3,19.1,I
2017-6113,6113,12,,,1C,3062,3121,,,,,214,,,,,126.5,3,19.1,I
2017-6113,6113,26,,,1C,3062,3121,,,,,419,,,,,126.5,3,19.1,I
2017-6114,6114,9,1,I,2C,3067,3346,,8,,drain end,142,,,,,122.2,3,18.4,I
2017-6114,6114,12,,,8A,3067,3346,,,,,326,,,,,122.2,3,18.4,I
2017-6114,6114,26,,,8A,3067,3346,,,,,484,,,,,122.2,3,18.4,I
2017-6115,6115,9,1,I,9A,3068,3519,,9,,drain end,33,,,,,110.2,3,10.1,I
2017-6115,6115,12,,,9A,3068,3519,,,,,307,#1,,replacement tube,,110.2,3,10.1,I
2017-6115,6115,26,,,9A,3068,3519,,,,,514,,,,,110.2,3,10.1,I
2017-6116,6116,9,1,I,7A,3072,3560,,1,,drain end,76,,,,,120.1,3,17.1,I
2017-6116,6116,12,,,1C,3072,3560,,,,,212,,,,,120.1,3,17.1,I
2017-6116,6116,26,,,1C,3072,3560,,,,,417,,,,,120.1,3,17.1,I
2017-6117,6117,9,0,I,9A,3074,3282,,2,,drain end,42,,,,,116.8,3,19.3,I
2017-6117,6117,12,,,2C,3074,3282,,,,,225,,,,,116.8,3,19.3,I
2017-6117,6117,26,,,2C,3074,3282,,,,,440,,,,,116.8,3,19.3,I
2017-6118,6118,9,1,I,7A,3077,3447,,2,,drain end,87,,,,,124.1,3,17,I
2017-6118,6118,12,,,2C,3077,3447,,,,,240,,,,,124.1,3,17,I
2017-6118,6118,26,,,2C,3077,3447,,,,,430,,,,,124.1,3,17,I
2017-6119,6119,9,0,I,1C,3081,3210,,3,,drain end,153,,,,,97.7,3,13.4,I
2017-6119,6119,12,,,3C,3081,3210,,,,,258,,,,,97.7,3,13.4,I
2017-6119,6119,26,,,3C,3081,3210,,,,,461,,,,,97.7,3,13.4,I
2017-6120,6120,9,1,I,1C,3082,3546,,3,,drain end,165,,,,,90.8,3,12.3,I
2017-6120,6120,12,,,3C,3082,3546,,,,,248,,,,,90.8,3,12.3,I
2017-6120,6120,26,,,3C,3082,3546,,,,,459,,,,,90.8,3,12.3,I
2017-6121,6121,9,1,I,8A,3099,3579,,7,,drain end,15,,,,,114.6,3,14.2,I
2017-6121,6121,12,,,7A,3099,3579,,,,,352,,,,,114.6,3,14.2,I
2017-6121,6121,26,,,7A,3099,3579,,,,,472,,,,,114.6,3,14.2,I
2017-6122,6122,9,1,I,3C,3100,3528,,8,,drain end,133,,,,,100,3,14.5,I
2017-6122,6122,12,,,8A,3100,3528,,,,,325,,,,,100,3,14.5,I
2017-6122,6122,26,,,8A,3100,3528,,,,,489,,,,,100,3,14.5,I
2017-6123,6123,9,0,I,7A,3101,3463,,7,,drain end,82,blood very clear,,,,112.4,3,17.5,I
2017-6123,6123,12,,,7A,3101,3463,,,,,345,,,,,112.4,3,17.5,I
2017-6123,6123,26,,,7A,3101,3463,,,,,473,,,,,112.4,3,17.5,I
2017-6124,6124,9,0,M,7A,3103,3158,,7,,drain end,75,,,,,120.5,3,23,M
2017-6124,6124,12,,,7A,3103,3158,,,,,347,,,,,120.5,3,23,M
2017-6124,6124,26,,,7A,3103,3158,,,,,464,,,,,120.5,3,23,M
2017-6125,6125,9,1,I,2C,3105,3146,,9,,drain end,144,,,,,119.4,3,18.4,I
2017-6125,6125,12,,,9A,3105,3146,,,,,303,,,,,119.4,3,18.4,I
2017-6125,6125,26,,,9A,3105,3146,,,,,503,,,,,119.4,3,18.4,I
2017-6126,6126,9,1,I,7A,3108,3501,,1,,drain end,79,,,,,109,3,14.6,I
2017-6126,6126,12,,,1C,3108,3501,,,,,201,,,,,109,3,14.6,I
2017-6126,6126,26,,,1C,3108,3501,,,,,418,,,,,109,3,14.6,I
2017-6127,6127,9,0,I,9A,3110,3255,,8,,drain end,37,,,,,108.4,3,19.3,I
2017-6127,6127,12,,,8A,3110,3255,,,,,335,,,,,108.4,3,19.3,I
2017-6127,6127,26,,,8A,3110,3255,,,,,497,,,,,108.4,3,19.3,I
2017-6128,6128,9,1,I,3C,3113,3179,,2,,drain end,112,,,,,121,3,18.6,I
2017-6128,6128,12,,,2C,3113,3179,,,,,231,,,,,121,3,18.6,I
2017-6128,6128,26,,,2C,3113,3179,,,,,441,,,,,121,3,18.6,I
2017-6129,6129,9,1,I,7A,3129,3137,,5,,drain end,86,,,,,114.1,3,16.8,I
2017-6129,6129,12,,,5W,3129,3137,,,,,299,,,,,114.1,3,16.8,I
2017-6129,6129,26,,,5W,3129,3137,,,,,403,,,,,114.1,3,16.8,I
2017-6130,6130,9,0,I,9A,3134,3208,,8,,drain end,47,,,,,111.4,3,11.8,I
2017-6130,6130,12,,,8A,3134,3208,,,,,339,,,,,111.4,3,11.8,I
2017-6130,6130,26,,,8A,3134,3208,,,,,498,,,,,111.4,3,11.8,I
2017-6131,6131,9,0,I,9A,3147,3563,,9,,drain end,38,,,,,107.4,3,19.1,I
2017-6131,6131,12,,,9A,3147,3563,,,,,314,,,,,107.4,3,19.1,I
2017-6131,6131,26,,,9A,3147,3563,,,,,507,,,,,107.4,3,19.1,I
2017-6132,6132,9,0,I,7A,3149,3436,,1,,drain end,88,,,,,133.7,3,22.1,I
2017-6132,6132,12,,,1C,3149,3436,,,,,205,,,,,133.7,3,22.1,I
2017-6132,6132,26,,,1C,3149,3436,,,,,406,,,,,133.7,3,22.1,I
2017-6133,6133,9,0,I,9A,3160,3273,,2,,drain end,36,,,,,103.6,4,11.8,I
2017-6133,6133,12,,,2C,3160,3273,,,,,223,,,,,103.6,4,11.8,I
2017-6133,6133,26,,,2C,3160,3273,,,,,434,,,,,103.6,4,11.8,I
2017-6134,6134,9,1,I,7A,3165,3254,,7,,drain end,77,,,,,115.1,3,14.6,I
2017-6134,6134,12,,,7A,3165,3254,,,,,353,,,,,115.1,3,14.6,I
2017-6134,6134,26,,,7A,3165,3254,,,,,465,,,,,115.1,3,14.6,I
2017-6135,6135,9,1,I,8A,3166,3433,,8,,drain end,4,,,,,130.8,4,30.1,M
2017-6135,6135,12,,,8A,3166,3433,,,,,327,,,,,130.8,4,30.1,M
2017-6135,6135,26,,,8A,3166,3433,,,,,492,,,,,130.8,4,30.1,M
2017-6136,6136,9,0,M,7A,3171,3557,,8,,drain end,91,,,,,113.6,3,21.6,M
2017-6136,6136,12,,,8A,3171,3557,,,,,321,,,,,113.6,3,21.6,M
2017-6136,6136,26,,,8A,3171,3557,,,,,491,,,,,113.6,3,21.6,M
2017-6137,6137,9,1,I,7A,3172,3374,,9,,drain end,81,,,,,96.9,3,13,I
2017-6137,6137,12,,,9A,3172,3374,,,,,301,,,,,96.9,3,13,I
2017-6137,6137,26,,,9A,3172,3374,,,,,500,,,,,96.9,3,13,I
2017-6138,6138,9,0,I,7A,3173,3495,,3,,drain end,80,,,,,118.8,3,18,I
2017-6138,6138,12,,,3C,3173,3495,,,,,247,,,,,118.8,3,18,I
2017-6138,6138,26,,,3C,3173,3495,,,,,453,,,,,118.8,3,18,I
2017-6139,6139,9,3,M,3C,3181,3252,,8,,drain end,104,,,,,128,3,28.5,M
2017-6139,6139,12,,,8A,3181,3252,,,,,332,,,,,128,3,28.5,M
2017-6139,6139,26,,,8A,3181,3252,,,,,493,,,,,128,3,28.5,M
2017-6140,6140,9,1,I,8A,3183,3187,,2,,drain end,8,,,,,110,3,15,I
2017-6140,6140,12,,,2C,3183,3187,,,,,237,,,,,110,3,15,I
2017-6140,6140,26,,,2C,3183,3187,,,,,429,,,,,110,3,15,I
2017-6141,6141,9,1,I,3C,3200,3402,,3,,drain end,123,,,,,122.9,3,18.9,I
2017-6141,6141,12,,,3C,3200,3402,,,,,249,,,,,122.9,3,18.9,I
2017-6141,6141,26,,,3C,3200,3402,,,,,451,,,,,122.9,3,18.9,I
2017-6142,6142,9,0,I,7A,3203,3230,,7,,drain end,65,,,,,96.5,3,14.3,I
2017-6142,6142,12,,,7A,3203,3230,,,,,346,,,,,96.5,3,14.3,I
2017-6142,6142,26,,,7A,3203,3230,,,,,474,,,,,96.5,3,14.3,I
2017-6143,6143,9,0,M,8A,3216,3451,,7,,drain end,10,,,,,118.8,4,22.3,M
2017-6143,6143,12,,,7A,3216,3451,,,,,343,,,,,118.8,4,22.3,M
2017-6143,6143,26,,,7A,3216,3451,,,,,479,,,,,118.8,4,22.3,M
2017-6144,6144,9,1,I,8A,3225,3507,,7,,drain end,14,,,,,128,3,17,I
2017-6144,6144,12,,,7A,3225,3507,,,,,348,,,,,128,3,17,I
2017-6144,6144,26,,,7A,3225,3507,,,,,477,,,,,128,3,17,I
2017-6145,6145,9,1,I,7A,3232,3323,,9,,drain end,59,,,,,112.3,3,15.3,I
2017-6145,6145,12,,,9A,3232,3323,,,,,305,#4,,replacement tube,,112.3,3,15.3,I
2017-6145,6145,26,,,9A,3232,3323,,,,,505,,,,,112.3,3,15.3,I
2017-6146,6146,9,0,I,8A,3237,3399,,9,,drain end,12,,,,,106.1,4,19,I
2017-6146,6146,12,,,9A,3237,3399,,,,,309,,,,,106.1,4,19,I
2017-6146,6146,26,,,9A,3237,3399,,,,,502,,,,,106.1,4,19,I
2017-6147,6147,9,0,I,8A,3241,3309,,1,,drain end,30,,,,,119.5,4,18.3,I
2017-6147,6147,12,,,1C,3241,3309,,,,,204,,,,,119.5,4,18.3,I
2017-6147,6147,26,,,1C,3241,3309,,,,,421,,,,,119.5,4,18.3,I
2017-6148,6148,9,1,I,7A,3251,3422,,1,,drain end,56,,,,,116.1,3,17,I
2017-6148,6148,12,,,1C,3251,3422,,,,,213,,,,,116.1,3,17,I
2017-6148,6148,26,,,1C,3251,3422,,,,,405,,,,,116.1,3,17,I
2017-6149,6149,9,1,I,7A,3253,3578,,2,,drain end,64,,,,,115.4,3,16.3,I
2017-6149,6149,12,,,2C,3253,3578,,,,,226,,,,,115.4,3,16.3,I
2017-6149,6149,26,,,2C,3253,3578,,,,,437,,,,,115.4,3,16.3,I
2017-6150,6150,9,0,M,3C,3257,3261,,9,,drain end,119,,,,,130,3,27.8,M
2017-6150,6150,12,,,9A,3257,3261,,,,,312,,,,,130,3,27.8,M
2017-6150,6150,26,,,9A,3257,3261,,,,,511,,,,,130,3,27.8,M
2017-6151,6151,9,1,I,8A,3265,3574,,3,,drain end,19,,,,,115.7,3,15.6,I
2017-6151,6151,12,,,3C,3265,3574,,,,,243,,,,,115.7,3,15.6,I
2017-6151,6151,26,,,3C,3265,3574,,,,,454,,,,,115.7,3,15.6,I
2017-6152,6152,9,0,M,9A,3270,3275,,7,,drain end,32,,,,,113,3,22.5,M
2017-6152,6152,12,,,7A,3270,3275,,,,,344,,,,,113,3,22.5,M
2017-6152,6152,26,,,7A,3270,3275,,,,,467,,,,,113,3,22.5,M
2017-6153,6153,9,0,M,8A,3281,3308,,1,,drain end,11,,,,,113.5,4,22.1,M
2017-6153,6153,12,,,1C,3281,3308,,,,,209,,,,,113.5,4,22.1,M
2017-6153,6153,26,,,1C,3281,3308,,,,,404,,,,,113.5,4,22.1,M
2017-6154,6154,9,0,I,7A,3284,3570,,2,,drain end,68,,,,,124.3,3,19.3,I
2017-6154,6154,12,,,2C,3284,3570,,,,,232,,,,,124.3,3,19.3,I
2017-6154,6154,26,,,2C,3284,3570,,,,,436,,,,,124.3,3,19.3,I
2017-6155,6155,9,1,I,7A,3286,3371,,7,,drain end,66,,,,,93.1,3,13.6,I
2017-6155,6155,12,,,7A,3286,3371,,,,,358,,,,,93.1,3,13.6,I
2017-6155,6155,26,,,7A,3286,3371,,,,,476,,,,,93.1,3,13.6,I
2017-6156,6156,9,0,I,8A,3293,3370,,3,,drain end,24,,,,,120,3,17.1,I
2017-6156,6156,12,,,3C,3293,3370,,,,,242,,,,,120,3,17.1,I
2017-6156,6156,26,,,3C,3293,3370,,,,,446,,,,,120,3,17.1,I
2017-6157,6157,9,0,M,1C,3306,3354,,2,,drain end,169,,,,,122.6,4,25.3,M
2017-6157,6157,12,,,2C,3306,3354,,,,,224,,,,,122.6,4,25.3,M
2017-6157,6157,26,,,2C,3306,3354,,,,,423,,,,,122.6,4,25.3,M
2017-6158,6158,9,1,I,3C,3310,3488,,8,,drain end,101,"There are 2 tubes recorded as 101 (3C, 8A), but there are no tube #s missing.",,,,124.5,3,18.9,I
2017-6158,6158,12,,,8A,3310,3488,,,,,324,,,,,124.5,3,18.9,I
2017-6158,6158,26,,,8A,3310,3488,,,,,483,,,,,124.5,3,18.9,I
2017-6159,6159,9,1,I,8A,3311,3551,,9,,drain end,26,,,,,117,3,16.4,I
2017-6159,6159,12,,,9A,3311,3551,,,,,313,,,,,117,3,16.4,I
2017-6159,6159,26,,,9A,3311,3551,,,,,508,,,,,117,3,16.4,I
2017-6160,6160,9,0,M,8A,3317,3545,,2,,drain end,7,,,,,108.5,4,22,M
2017-6160,6160,12,,,2C,3317,3545,,,,,238,,,,,108.5,4,22,M
2017-6160,6160,26,,,2C,3317,3545,,,,,426,,,,,108.5,4,22,M
2017-6161,6161,9,0,M,7A,3326,3536,,9,,drain end,53,,,,,114.1,4,22.3,M
2017-6161,6161,12,,,9A,3326,3536,,,,,302,,,,,114.1,4,22.3,M
2017-6161,6161,26,,,9A,3326,3536,,,,,512,,,,,114.1,4,22.3,M
2017-6162,6162,9,1,I,7A,3328,3510,,1,,drain end,61,,,,,119,3,17,I
2017-6162,6162,12,,,1C,3328,3510,,,,,220,,,,,119,3,17,I
2017-6162,6162,26,,,1C,3328,3510,,,,,407,,,,,119,3,17,I
2017-6163,6163,9,1,I,3C,3330,3409,,2,,drain end,130,,,,,118.5,3,17.1,I
2017-6163,6163,12,,,2C,3330,3409,,,,,228,,,,,118.5,3,17.1,I
2017-6163,6163,26,,,2C,3330,3409,,,,,424,,,,,118.5,3,17.1,I
2017-6164,6164,9,1,I,7A,3351,3390,,3,,drain end,71,3351/3580,,,,86.8,3,10.8,I
2017-6164,6164,12,,,3C,3351,3580,,,,,257,,,,,86.8,3,10.8,I
2017-6164,6164,26,,,3C,3351,3580,,,,,460,,,,,86.8,3,10.8,I
2017-6165,6165,9,0,I,7A,3362,3539,,7,,drain end,55,,,,,113.2,3,19.5,I
2017-6165,6165,12,,,7A,3362,3539,,,,,360,,,,,113.2,3,19.5,I
2017-6165,6165,26,,,7A,3362,3539,,,,,469,,,,,113.2,3,19.5,I
2017-6166,6166,9,0,I,8A,3378,3534,,8,,drain end,21,,,,,91.8,3,11.3,I
2017-6166,6166,12,,,8A,3378,3534,,,,,349,,,,,91.8,3,11.3,I
2017-6166,6166,26,,,8A,3378,3534,,,,,496,,,,,91.8,3,11.3,I
2017-6167,6167,9,0,I,9A,3382,3481,,1,,drain end,45,,,,,110.7,3,12.4,I
2017-6167,6167,12,,,1C,3382,3481,,,,,207,,,,,110.7,3,12.4,I
2017-6167,6167,26,,,1C,3382,3481,,,,,414,,,,,110.7,3,12.4,I
2017-6168,6168,9,1,I,8A,3385,3554,,7,,drain end,27,,,,,99.5,3,13.7,I
2017-6168,6168,12,,,7A,3385,3554,,,,,357,,,,,99.5,3,13.7,I
2017-6168,6168,26,,,7A,3385,3554,,,,,466,,,,,99.5,3,13.7,I
2017-6169,6169,9,1,I,7A,3391,3550,,8,,drain end,57,,,,,117.2,3,16.8,I
2017-6169,6169,12,,,8A,3391,3550,,,,,328,,,,,117.2,3,16.8,I
2017-6169,6169,26,,,8A,3391,3550,,,,,486,,,,,117.2,3,16.8,I
2017-6170,6170,9,1,I,7A,3397,3553,,9,,drain end,70,,,,,117.2,3,15.4,I
2017-6170,6170,12,,,9A,3397,3553,,,,,320,,,,,117.2,3,15.4,I
2017-6170,6170,26,,,9A,3397,3553,,,,,516,,,,,117.2,3,15.4,I
2017-6171,6171,9,0,I,7A,3400,3464,,2,,drain end,73,,,,,127.4,3,19.3,I
2017-6171,6171,12,,,2C,3400,3464,,,,,221,,,,,127.4,3,19.3,I
2017-6171,6171,26,,,2C,3400,3464,,,,,427,,,,,127.4,3,19.3,I
2017-6172,6172,9,0,M,7A,3438,3457,,1,,drain end,"60, 100",,,"short 1 crab in tank 1C: crab 3438/3457 should have been placed in trtmnt 1C, but was returned to unsampled pool after blood draw, then later pulled out again, sampled & put in 9A.",,116.3,3,24.4,M
2017-6172,6172,12,,,9A,3438,3457,,,,,316,,,,,116.3,3,24.4,M
2017-6172,6172,26,,,9A,3438,3457,,,,,517,,,,,116.3,3,24.4,M
2017-6173,6173,9,1,I,7A,3448,3468,,1,,drain end,63,,,,,95,3,14.1,I
2017-6173,6173,12,,,1C,3448,3468,,,,,210,,,,,95,3,14.1,I
2017-6173,6173,26,,,1C,3448,3468,,,,,420,,,,,95,3,14.1,I
2017-6174,6174,9,1,I,8A,3475,3524,,2,,drain end,20,,,,,117.4,3,15.9,I
2017-6174,6174,12,,,2C,3475,3524,,,,,233,,,,,117.4,3,15.9,I
2017-6174,6174,26,,,2C,3475,3524,,,,,433,,,,,117.4,3,15.9,I
2017-6175,6175,9,0,I,7A,3498,3523,,3,,drain end,67,,,"Hmm, should have gone into tank 1, but went into tank 9.",,116.4,4,19.6,I
2017-6175,6175,12,,,3C,3498,3523,,,,,246,,,,,116.4,4,19.6,I
2017-6175,6175,26,,,3C,3498,3523,,,,,447,,,,,116.4,4,19.6,I
2017-6176,6176,9,0,M,9A,3512,3537,,8,,drain end,48,,,,,102.3,3,20.1,M
2017-6176,6176,12,,,8A,3512,3537,,,,,329,,,,,102.3,3,20.1,M
2017-6176,6176,26,,,8A,3512,3537,,,,,490,,,,,102.3,3,20.1,M
2017-6177,6177,9,1,I,7A,3532,3594,,3,,drain end,54,,,,,120.2,3,17.1,I
2017-6177,6177,12,,,3C,3532,3594,,,,,250,,,,,120.2,3,17.1,I
2017-6177,6177,26,,,3C,3532,3594,,,,,456,,,,,120.2,3,17.1,I
2017-6178,6178,9,0,M,3C,3544,3559,,1,,drain end,124,,,,,138.6,3,30,M
2017-6178,6178,12,,,1C,3544,3559,,,,,218,,,,,138.6,3,30,M
2017-6178,6178,26,,,1C,3544,3559,,,,,410,,,,,138.6,3,30,M
2017-6179,6179,9,0,M,9A,3561,3588,,9,,drain end,34,,,,,117.4,4,23.2,M
2017-6179,6179,12,,,9A,3561,3588,,,,,315,,,,,117.4,4,23.2,M
2017-6179,6179,26,,,9A,3561,3588,,,,,515,,,,,117.4,4,23.2,M
2017-6180,6180,9,0,I,2C,3610,3813,,6,,anywhere,149,,,,,125.4,3,19.5,I
2017-6180,6180,12,,,6W,3610,3813,,,,,370,,,,,125.4,3,19.5,I
2017-6180,6180,26,,,6W,3610,3813,,,,,402,,,,,125.4,3,19.5,I
2017-6181,6181,9,0,I,1C,3616,3846,,7,,drain end,175,,,,,133.4,3,20.4,I
2017-6181,6181,12,,,7A,3616,3846,,,,,355,,,,,133.4,3,20.4,I
2017-6181,6181,26,,,7A,3616,3846,,,,,470,,,,,133.4,3,20.4,I
2017-6182,6182,9,1,I,2C,3617,3831,,7,,drain end,137,,,,,141.4,4,21.1,I
2017-6182,6182,12,,,7A,3617,3831,,,,,354,BCS+,,,,141.4,4,21.1,I
2017-6182,6182,26,,,7A,3617,3831,,,,,462,,,,,141.4,4,21.1,I
2017-6183,6183,9,1,I,2C,3619,3804,,8,,drain end,141,,,,,140,3,21.1,I
2017-6183,6183,12,,,8A,3619,3804,,,,,322,,,,,140,3,21.1,I
2017-6183,6183,26,,,8A,3619,3804,,,,,494,,,,,140,3,21.1,I
2017-6184,6184,9,1,I,2C,3628,3809,,9,,drain end,148,,,,,121.9,3,17.3,I
2017-6184,6184,12,,,9A,3628,3809,,,,,318,,,,,121.9,3,17.3,I
2017-6184,6184,26,,,9A,3628,3809,,,,,513,,,,,121.9,3,17.3,I
2017-6185,6185,9,0,I,2C,3630,3824,,8,,drain end,145,,,,,124.8,3,21.8,I
2017-6185,6185,12,,,8A,3630,3824,,,,,336,,,,,124.8,3,21.8,I
2017-6185,6185,26,,,8A,3630,3824,,,,,487,,,,,124.8,3,21.8,I
2017-6186,6186,9,0,I,1C,3638,3843,,9,,drain end,171,,,,,129.4,3,20.8,I
2017-6186,6186,12,,,9A,3638,3843,,,,,306,#2,,replacement tube,,129.4,3,20.8,I
2017-6186,6186,26,,,9A,3638,3843,,,,,510,,,,,129.4,3,20.8,I
2017-6187,6187,9,1,I,1C,3641,3838,,2,,drain end,158,,,,,129.9,3,19.1,I
2017-6187,6187,12,,,2C,3641,3838,,,,,239,,,,,129.9,3,19.1,I
2017-6187,6187,26,,,2C,3641,3838,,,,,431,,,,,129.9,3,19.1,I
2017-6188,6188,9,1,I,1C,3642,3837,,3,,drain end,172,,,,,128.9,3,20.3,I
2017-6188,6188,12,,,3C,3642,3837,,,,,245,,,,,128.9,3,20.3,I
2017-6188,6188,26,,,3C,3642,3837,,,,,443,,,,,128.9,3,20.3,I
2017-6189,6189,9,0,I,1C,3643,3850,,1,,drain end,176,,,,,126.4,3,20.8,I
2017-6189,6189,12,,,1C,3643,3850,,,,,216,,,,,126.4,3,20.8,I
2017-6189,6189,26,,,1C,3643,3850,,,,,422,,,,,126.4,3,20.8,I
2017-6190,6190,9,3,M,1C,3648,3841,reserve,1,,valve end,101,"There are 2 tubes recorded as 101 (3C, 8A), but there are no tube #s missing.",,,,126.2,3,25.8,M
2017-6190,6190,12,,,3C,3648,3841,,,,,256,,,,,126.2,3,25.8,M
2017-6190,6190,26,,,3C,3648,3841,,,,,452,,,,,126.2,3,25.8,M
2017-6191,6191,9,0,I,1C,3649,3852,,2,,drain end,95,,,,,127.2,3,20.5,I
2017-6191,6191,12,,,2C,3649,3852,,,,,227,,,,,127.2,3,20.5,I
2017-6191,6191,26,,,2C,3649,3852,,,,,442,,,,,127.2,3,20.5,I
2017-6192,6192,9,1,I,1C,3658,3860,,7,,drain end,178,,,,,132.2,3,21.7,I
2017-6192,6192,12,,,7A,3658,3860,,,,,359,,,,,132.2,3,21.7,I
2017-6192,6192,26,,,7A,3658,3860,,,,,463,,,,,132.2,3,21.7,I
2017-6193,6193,9,1,I,1C,3662,3866,,8,,drain end,174,,,,,130.5,3,19,I
2017-6193,6193,12,,,8A,3662,3866,,,,,333,,,,,130.5,3,19,I
2017-6193,6193,26,,,8A,3662,3866,,,,,482,,,,,130.5,3,19,I
2017-6194,6194,9,0,M,8A,3663,3862,,2,,drain end,98,,,,,130.6,3,27.6,M
2017-6194,6194,12,,,2C,3663,3862,,,,,235,,,replacement tube,,130.6,3,27.6,M
2017-6194,6194,26,,,2C,3663,3862,,,,,432,,,,,130.6,3,27.6,M
2017-6195,6195,9,1,I,1C,3664,3854,,9,,drain end,150,,,,,126.3,3,20.6,I
2017-6195,6195,12,,,9A,3664,3854,,,,,304,#3,,,,126.3,3,20.6,I
2017-6195,6195,26,,,9A,3664,3854,,,,,501,,,,,126.3,3,20.6,I
2017-6196,6196,9,1,I,1C,3666,3867,,1,,drain end,170,,,,,140.4,3,20,I
2017-6196,6196,12,,,1C,3666,3867,,,,,203,,,,,140.4,3,20,I
2017-6196,6196,26,,,1C,3666,3867,,,,,408,,,,,140.4,3,20,I
2017-6197,6197,9,0,M,1C,3667,3864,,3,,drain end,161,,,,,133.9,3,30.3,M
2017-6197,6197,12,,,3C,3667,3864,,,,,244,,,,,133.9,3,30.3,M
2017-6197,6197,26,,,3C,3667,3864,,,,,449,,,,,133.9,3,30.3,M
2017-6198,6198,9,1,I,1C,3668,3870,,2,,drain end,154,,,,,129.6,3,18.5,I
2017-6198,6198,12,,,2C,3668,3870,,,,,230,,,,,129.6,3,18.5,I
2017-6198,6198,26,,,2C,3668,3870,,,,,428,,,,,129.6,3,18.5,I
2017-6199,6199,9,1,I,1C,3670,3871,,3,,drain end,151,,,,,134.1,3,20.6,I
2017-6199,6199,12,,,3C,3670,3871,,,,,254,,,,,134.1,3,20.6,I
2017-6199,6199,26,,,3C,3670,3871,,,,,445,,,,,134.1,3,20.6,I
2017-6200,6200,9,3,M,1C,3675,3872,reserve,1,,valve end,94,to tank 1,,,,130.8,3,28.1,M
2017-6200,6200,12,,,1C,3675,3872,,,,,208,,,,,130.8,3,28.1,M
2017-6200,6200,26,,,1C,3675,3872,,,,,416,,,,,130.8,3,28.1,M
2017-6201,6201,9,1,I,1C,3678,3881,,7,,drain end,163,,,,,134.2,3,20,I
2017-6201,6201,12,,,7A,3678,3881,,,,,341,,,,,134.2,3,20,I
2017-6201,6201,26,,,7A,3678,3881,,,,,478,,,,,134.2,3,20,I
2017-6202,6202,9,1,I,3C,3679,3893,,8,,drain end,109,,,,,141.8,3,22.5,I
2017-6202,6202,12,,,8A,3679,3893,,,,,337,,,,,141.8,3,22.5,I
2017-6202,6202,26,,,8A,3679,3893,,,,,495,,,,,141.8,3,22.5,I
2017-6203,6203,9,0,M,3C,3687,3892,,2,,drain end,113,,,,,133.3,4,28.8,M
2017-6203,6203,12,,,2C,3687,3892,,,,,222,,,,,133.3,4,28.8,M
2017-6203,6203,26,,,2C,3687,3892,,,,,425,,,,,133.3,4,28.8,M
2017-6204,6204,9,3,M,3C,3701,3709,,3,,drain end,114,,,,,133,3,30,M
2017-6204,6204,12,,,3C,3701,3709,,,,,252,,,,,133,3,30,M
2017-6204,6204,26,,,3C,3701,3709,,,,,448,,,,,133,3,30,M
2017-6205,6205,9,0,I,3C,3703,3728,,7,,drain end,121,discarded first draw; discolored. 2nd draw also discolored,,,,130,3,22,I
2017-6205,6205,12,,,7A,3703,3728,,,,,342,,,,,130,3,22,I
2017-6205,6205,26,,,7A,3703,3728,,,,,475,,,,,130,3,22,I
2017-6206,6206,9,1,I,3C,3706,3900,,9,,drain end,103,,,,,131.6,3,19.9,I
2017-6206,6206,12,,,9A,3706,3900,,,,,319,,,,,131.6,3,19.9,I
2017-6206,6206,26,,,9A,3706,3900,,,,,509,,,,,131.6,3,19.9,I
2017-6207,6207,9,1,I,3C,3707,3913,,1,,drain end,128,,,,,119.3,3,19,I
2017-6207,6207,12,,,1C,3707,3913,,,,,202,,,,,119.3,3,19,I
2017-6207,6207,26,,,1C,3707,3913,,,,,412,,,,,119.3,3,19,I
2017-6208,6208,9,1,I,3C,3710,3723,,2,,drain end,106,,,,,126.2,3,19.1,I
2017-6208,6208,12,,,2C,3710,3723,,,,,229,,,,,126.2,3,19.1,I
2017-6208,6208,26,,,2C,3710,3723,,,,,435,,,,,126.2,3,19.1,I
2017-6209,6209,9,1,I,3C,3714,3716,,3,,drain end,125,"discolored, pink/brown hemolymph",,,,126.8,3,20,I
2017-6209,6209,12,,,3C,3714,3716,,,,,251,,,,,126.8,3,20,I
2017-6209,6209,26,,,3C,3714,3716,,,,,444,,,,,126.8,3,20,I
2017-6210,6210,9,1,I,3C,3718,3914,,4,,anywhere,120,,,,,127.7,3,19,I
2017-6210,6210,12,,,4W,3718,3914,,,,,274,,,,,127.7,3,19,I
2017-6210,6210,26,,,4W,3718,3914,,,,,401,,,,,127.7,3,19,I
2017-6211,6211,9,1,I,3C,3724,3890,,7,,drain end,118,,,,,128.8,3,19,I
2017-6211,6211,12,,,7A,3724,3890,,,,,349,BCS+,,,,128.8,3,19,I
2017-6211,6211,26,,,7A,3724,3890,,,,,481,,,,,128.8,3,19,I
2017-6212,6212,9,1,I,3C,3725,3912,,8,,drain end,132,,,,,145,3,21.1,I
2017-6212,6212,12,,,8A,3725,3912,,,,,334,,,,,145,3,21.1,I
2017-6212,6212,26,,,8A,3725,3912,,,,,485,,,,,145,3,21.1,I
2017-6213,6213,9,0,I,3C,3904,3906,,9,,drain end,108,,,,,124.3,3,21.6,I
2017-6213,6213,12,,,9A,3904,3906,,,,,310,,,,,124.3,3,21.6,I
2017-6213,6213,26,,,9A,3904,3906,,,,,506,,,,,124.3,3,21.6,I
2017-6214,6214,9,1,I,3C,3905,3920,,9,,drain end,107,,,,,129.1,3,18.9,I
2017-6214,6214,12,,,9A,3905,3920,,,,,311,,,,,129.1,3,18.9,I
2017-6214,6214,26,,,9A,3905,3920,,,,,504,,,,,129.1,3,18.9,I
2017-6215,6215,9,1,I,8A,3120,3516,,3,,drain end,23,new tag 3423/3516 (3423 tag was used before),,,,112.3,3,15.1,I
2017-6215,6215,12,,,3C,3423,3516,,,,,253,,,,,#N/A,#N/A,#N/A,#N/A
2017-6215,6215,26,,,3C,3423,3516,,,,,457,,,,,#N/A,#N/A,#N/A,#N/A
,,,,,,,,,,,,,,,,,#N/A,#N/A,#N/A,#N/A
2017-6216,6216,9,0,I,9A,3015,3344,,4,,anywhere,40,,y,,,113,4,20.1,I
2017-6216,6216,12,,,4W,3015,3344,,,,,267,,y,11/13/17,,113,4,20.1,I
2017-6217,6217,9,0,I,3C,3022,3164,,5,,anywhere,129,,,,,123.1,3,20,I
2017-6217,6217,12,,,5W,3022,3164,,,,,285,,,11/16/17,,123.1,3,20,I
2017-6218,6218,9,3,I,1C,3038,3289,,6,,drain end,93,,,,,118.3,3,17.9,I
2017-6218,6218,12,,,6W,3038,3289,,,,,373,,,11/12/17,,118.3,3,17.9,I
2017-6219,6219,9,1,I,3C,3043,3135,,4,,anywhere,116,,y,,,125.1,3,18.7,I
2017-6219,6219,12,,,4W,3043,3135,,,,,276,,y,11/14/17,,125.1,3,18.7,I
2017-6220,6220,9,1,I,1C,3047,3278,,5,,anywhere,162,,y,,,82,3,6.7,I
2017-6220,6220,12,,,5W,3047,3278,,,,,293,,y,11/12/17,,82,3,6.7,I
2017-6221,6221,9,1,I,8A,3051,3535,,6,,anywhere,16,,y,,,113.2,3,15.7,I
2017-6221,6221,12,,,6W,3051,3535,,,,,380,,y,11/12/17,,113.2,3,15.7,I
2017-6222,6222,9,0,M,8A,3057,3445,,4,,anywhere,1,,,,,117.6,4,26.6,M
2017-6222,6222,12,,,4W,3057,3445,,,,,266,,,11/13/17,,117.6,4,26.6,M
2017-6223,6223,9,0,M,9A,3080,3511,,4,,anywhere,44,,,,,113.7,3,22.1,M
2017-6223,6223,12,,,4W,3080,3511,,,,,270,,,11/14/17,,113.7,3,22.1,M
2017-6224,6224,9,1,I,7A,3083,3429,,4,,drain end,74,,y,,,122,3,17.1,I
2017-6224,6224,12,,,4W,3083,3429,,,,,277,,y,11/13/17,,122,3,17.1,I
2017-6225,6225,9,1,I,7A,3084,3377,,5,,drain end,92,,y,,,118.2,3,15.2,I
2017-6225,6225,12,,,5W,3084,3377,,,,,298,,y,11/11/17,,118.2,3,15.2,I
2017-6226,6226,9,0,I,7A,3085,3233,,4,,drain end,85,,y,,,124.8,3,18.8,I
2017-6226,6226,12,,,4W,3085,3233,,,,,260,,y,11/13/17,,124.8,3,18.8,I
2017-6227,6227,9,1,I,7A,3086,3155,,6,,drain end,83,,y,,,116.7,3,17,I
2017-6227,6227,12,,,6W,3086,3155,,,,,366,,y,11/12/17,,116.7,3,17,I
2017-6228,6228,9,0,I,8A,3087,3462,,5,,anywhere,29,,,,,127.7,4,19.4,I
2017-6228,6228,12,,,5W,3087,3462,,,,,290,,,11/17/17,,127.7,4,19.4,I
2017-6229,6229,9,0,I,7A,3090,3496,,6,,drain end,89,,y,,,109.4,3,13.9,I
2017-6229,6229,12,,,6W,3090,3496,,,,,379,,y,11/15/17,,109.4,3,13.9,I
2017-6230,6230,9,0,M,8A,3118,3474,,5,,anywhere,22,,,,,114.5,4,24.1,M
2017-6230,6230,12,,,5W,3118,3474,,,,,292,,,11/16/17,,114.5,4,24.1,M
2017-6231,6231,9,1,I,3C,3122,3163,,4,,anywhere,102,,,,,133.6,3,22.6,I
2017-6231,6231,12,,,4W,3122,3163,,,,,278,,,11/14/17,,133.6,3,22.6,I
2017-6232,6232,9,0,M,9A,3144,3319,,5,,anywhere,52,,,,,119.4,3,23,M
2017-6232,6232,12,,,5W,3144,3319,,,,,286,,,11/12/17,,119.4,3,23,M
2017-6233,6233,9,1,I,3C,3148,3256,,6,,anywhere,117,,,,,108,3,16.1,I
2017-6233,6233,12,,,6W,3148,3256,,,,,371,,,11/12/17,,108,3,16.1,I
2017-6234,6234,9,0,I,8A,3177,3283,,4,,anywhere,2,,,,,127.4,4,18.2,I
2017-6234,6234,12,,,4W,3177,3283,,,,,263,,,11/13/17,,127.4,4,18.2,I
2017-6235,6235,9,0,I,9A,3188,3223,,5,,anywhere,35,,,,,110.3,4,18.7,I
2017-6235,6235,12,,,5W,3188,3223,,,,,297,,,11/11/17,,110.3,4,18.7,I
2017-6236,6236,9,0,I,1C,3195,3350,,6,,anywhere,157,,y,,,118.7,3,19,I
2017-6236,6236,12,,,6W,3195,3350,,,,,361,,y,11/12/17,,118.7,3,19,I
2017-6237,6237,9,1,I,8A,3202,3549,,4,,anywhere,17,,,,,115.3,3,15.7,I
2017-6237,6237,12,,,4W,3202,3549,,,,,271,,,11/12/17,,115.3,3,15.7,I
2017-6238,6238,9,0,M,8A,3205,3243,,6,,anywhere,9,,,,,118.6,4,24.3,M
2017-6238,6238,12,,,6W,3205,3243,,,,,375,,,11/12/17,,118.6,4,24.3,M
2017-6239,6239,9,1,I,1C,3212,3562,,5,,anywhere,166,,,,,87.3,3,12.1,I
2017-6239,6239,12,,,5W,3212,3562,,,,,291,,,11/16/17,,87.3,3,12.1,I
2017-6240,6240,9,1,I,3C,3213,3418,,6,,anywhere,134,,,,dead crab recorded as 3213/3418,125.2,3,20.1,I
2017-6240,6240,12,,,6W,3213,3218,,,,,362,,,11/12/17,,125.2,3,20.1,I
2017-6241,6241,9,1,I,7A,3226,3489,,8,,drain end,62,,,,,114.1,3,16.6,I
2017-6241,6241,12,,,8A,3226,3489,,,,,323,,,11/16/17,,114.1,3,16.6,I
2017-6242,6242,9,0,M,9A,3269,3360,,6,,anywhere,39,,,,,111.9,4,20.9,M
2017-6242,6242,12,,,6W,3269,3360,,,,,377,,,11/12/17,,111.9,4,20.9,M
2017-6243,6243,9,1,I,1C,3271,3290,,4,,anywhere,173,,,11/12/17,,95.7,4,12.7,I
2017-6243,6243,12,,,4W,3271,3290,,,,,272,,,,,95.7,4,12.7,I
2017-6244,6244,9,1,I,7A,3272,3393,,5,,anywhere,58,,,,,119.3,3,19,I
2017-6244,6244,12,,,5W,3272,3393,,,,,284,,,11/15/17,,119.3,3,19,I
2017-6245,6245,9,1,I,3C,3280,3368,,6,,anywhere,126,,,,,122.6,3,18.4,I
2017-6245,6245,12,,,6W,3280,3368,,,,,365,,,11/12/17,,122.6,3,18.4,I
2017-6246,6246,9,0,I,8A,3299,3383,,4,,anywhere,3,,y,,,116,3,18.1,I
2017-6246,6246,12,,,4W,3299,3383,,,,,265,,y,11/13/17,,116,3,18.1,I
2017-6247,6247,9,0,I,1C,3315,3500,,5,,anywhere,152,,y,,,118.4,3,19.4,I
2017-6247,6247,12,,,5W,3315,3500,,,,,287,,y,11/12/17,,118.4,3,19.4,I
2017-6248,6248,9,0,I,9A,3316,3435,,6,,anywhere,49,,,,,111.6,4,19.8,I
2017-6248,6248,12,,,6W,3316,3435,,,,,378,,,11/12/17,,111.6,4,19.8,I
2017-6249,6249,9,1,I,1C,3353,3446,,4,,anywhere,96,,,11/13/17,,102.1,3,14.3,I
2017-6249,6249,12,,,4W,3353,3446,,,,,279,,,,,102.1,3,14.3,I
2017-6250,6250,9,1,I,7A,3373,3406,,5,,anywhere,72,,,,,111.8,3,15,I
2017-6250,6250,12,,,5W,3373,3406,,,,,294,,,11/17/17,,111.8,3,15,I
2017-6251,6251,9,1,I,1C,3375,3478,,6,,anywhere,167,discolored hemolymph,,,,97.6,3,13.2,I
2017-6251,6251,12,,,6W,3375,3478,,,,,376,,,11/12/17,,97.6,3,13.2,I
2017-6252,6252,9,3,M,8A,3492,3731,,8,,drain end,99,"3386/3492, retag 3492/3731",,,,99.1,3,19.3,M
2017-6252,6252,12,,,8A,3492,3731,,,,,330,,,,,99.1,3,19.3,M
2017-6253,6253,9,0,I,8A,3566,3571,,4,,anywhere,25,,,,,86.9,3,9.9,I
2017-6253,6253,12,,,4W,3566,3571,,,,,275,,,11/13/17,,86.9,3,9.9,I
2017-6254,6254,9,0,I,7A,3567,3595,,5,,anywhere,69,,,,,119.7,3,19.9,I
2017-6254,6254,12,,,5W,3567,3595,,,,,296,,,11/16/17,,119.7,3,19.9,I
2017-6255,6255,9,1,I,2C,3601,3810,,4,,anywhere,143,,,,,132.8,3,19,I
2017-6255,6255,12,,,4W,3601,3810,,,,,262,,,11/12/17,,132.8,3,19,I
2017-6256,6256,9,1,I,2C,3608,3845,,5,,anywhere,146,,,,,128.4,3,19.2,I
2017-6256,6256,12,,,5W,3608,3845,,,,,283,,,11/11/17,,128.4,3,19.2,I
2017-6257,6257,9,1,I,2C,3614,3800,,6,,anywhere,138,,,,,123,3,16.7,I
2017-6257,6257,12,,,6W,3614,3800,,,,,363,,,11/12/17,,123,3,16.7,I
2017-6258,6258,9,3,M,2C,3618,3806,,4,,anywhere,140,,,11/12/17,,126.4,3,27.4,M
2017-6258,6258,12,,,4W,3618,3806,,,,,261,,,,,126.4,3,27.4,M
2017-6259,6259,9,0,M,2C,3621,3818,,5,,anywhere,139,,,,,134.7,3,27.9,M
2017-6259,6259,12,,,5W,3621,3818,,,,,281,,,11/15/17,,134.7,3,27.9,M
2017-6260,6260,9,0,M,2C,3631,3832,,6,,anywhere,136,,,,,127.3,3,25.9,M
2017-6260,6260,12,,,6W,3631,3832,,,,,374,,,11/12/17,,127.3,3,25.9,M
2017-6261,6261,9,1,I,1C,3650,3851,,4,,anywhere,164,,,11/13/17,,126.9,3,18.9,I
2017-6261,6261,12,,,4W,3650,3851,,,,,273,,,,,126.9,3,18.9,I
2017-6262,6262,9,1,I,1C,3651,3856,,5,,anywhere,168,,,,,135.5,3,20.7,I
2017-6262,6262,12,,,5W,3651,3856,,,,,289,,,11/16/17,,135.5,3,20.7,I
2017-6263,6263,9,1,I,1C,3653,3857,,6,,anywhere,179,,,,,129.2,3,20.6,I
2017-6263,6263,12,,,6W,3653,3857,,,,,368,,,11/12/17,,129.2,3,20.6,I
2017-6264,6264,9,0,I,1C,3660,3863,,4,,anywhere,180,,,11/13/17,,125,3,20.7,I
2017-6264,6264,12,,,4W,3660,3863,,,,,268,,,,,125,3,20.7,I
2017-6265,6265,9,0,I,1C,3669,3874,,5,,anywhere,155,,,,,133,3,22.4,I
2017-6265,6265,12,,,5W,3669,3874,,,,,282,,,11/16/17,,133,3,22.4,I
2017-6266,6266,9,1,I,1C,3671,3875,,4,,anywhere,156,,,11/13/17,,136.6,3,22,I
2017-6266,6266,12,,,4W,3671,3875,,,,,264,,,,,136.6,3,22,I
2017-6267,6267,9,1,I,1C,3672,3876,,5,,anywhere,159,,,,,133,3,19.7,I
2017-6267,6267,12,,,5W,3672,3876,,,,,288,,,11/17/17,,133,3,19.7,I
2017-6268,6268,9,0,I,1C,3673,3877,,6,,anywhere,97,,,,,130,3,20.4,I
2017-6268,6268,12,,,6W,3673,3877,,,,,369,,,11/12/17,,130,3,20.4,I
2017-6269,6269,9,1,I,1C,3677,3880,,6,,anywhere,160,,,,,145.6,3,22.4,I
2017-6269,6269,12,,,6W,3677,3880,,,,,364,,,11/12/17,,145.6,3,22.4,I
2017-6270,6270,9,0,M,3C,3702,3902,,4,,anywhere,131,,,11/12/17,,129.8,4,28.8,M
2017-6270,6270,12,,,4W,3702,3902,,,,,269,,,,,129.8,4,28.8,M
2017-6271,6271,9,0,M,3C,3708,3717,,5,,anywhere,105,,,,,134.1,3,26,M
2017-6271,6271,12,,,5W,3708,3717,,,,,295,,,11/16/17,,134.1,3,26,M
2017-6272,6272,9,0,I,3C,3715,3719,,8,,drain end,111,,,,,124.5,3,20.6,I
2017-6272,6272,12,,,8A,3715,3719,,,,,338,,,11/16/17,,124.5,3,20.6,I
2017-6273,6273,9,1,I,3C,3720,3915,,5,,anywhere,127,,,,,133.7,3,19.7,I
2017-6273,6273,12,,,5W,3720,3915,,,,,280,,,11/12/17,,133.7,3,19.7,I
2017-6274,6274,9,1,I,3C,3721,3908,,6,,anywhere,122,,,,,131.8,3,19.5,I
2017-6274,6274,12,,,6W,3721,3908,,,,,367,,,11/12/17,,131.8,3,19.5,I
2017-6275,6275,9,3,M,3C,3727,3911,,6,,anywhere,110,,,,,127.1,3,26.9,M
2017-6275,6275,12,,,6W,3727,3911,,,,,372,,,11/12/17,,127.1,3,26.9,M
,,,,,,,,,,,,,,,,,#N/A,#N/A,#N/A,#N/A
2017-6276,6276,9,0,I,9A,3381,3517,,9,,drain end,50,,,11/10/17,,112,4,19.5,I
2017-6277,6277,9,0,I,1C,3652,3855,,3,,drain end,177,,,11/10/17,,126.3,3,22.7,I
,,,,,,,,,,,,,,,,,#N/A,#N/A,#N/A,#N/A
2017-6278,6278,9,1,I,2C,3633,3812,,1,,drain end,147,,,,,128.4,4,18,I
2017-6278,6278,12,,,1C,3633,3812,,,,,,,,"tubes 211,217 not recorded; 219 recorded twice",,128.4,4,18,I
2017-6278,6278,26,,,1C,3633,3812,,,,,413,,,,,128.4,4,18,I
,,,,,,,,,,,,,,,,,#N/A,#N/A,#N/A,#N/A
2017-6279,6279,9,1,I,8A,3182,3184,,1,,drain end,13,,,"3088/3138 died before any RNA sampling; suspect 219 tube OK & has 3182/3184, but no way to  be sure",,111.6,3,13.9,I
2017-6279,6279,12,,,1C,3182,3184,,,,,219,,,"3088/3138 died before any RNA sampling; suspect 219 tube OK & has 3182/3184, but no way to  be sure",,111.6,3,13.9,I
2017-6279,6279,26,,,1C,3182,3184,,,,,411,,,"3088/3138 died before any RNA sampling; suspect 219 tube OK & has 3182/3184, but no way to  be sure",,111.6,3,13.9,I
,,,,,,,,,,,,,,,,,#N/A,#N/A,#N/A,#N/A
2017-6280,6280,,3,I,,3114,3133,,,,,test1,for Steven to test RNA yield; not in experiment,,,,#N/A,#N/A,#N/A,#N/A
2017-6281,6281,,3,I,,3712,3726,,,,,test2,for Steven to test RNA yield; not in experiment,,,,131.4,3,22.6,I
2017-6282,6282,,3,M,,3016,3424,,,,,test3,for Steven to test RNA yield; not in experiment,,,,129.5,3,26.9,M